file,class,type,cbo,cboModified,fanin,fanout,wmc,dit,noc,rfc,lcom,lcom*,tcc,lcc,totalMethodsQty,staticMethodsQty,publicMethodsQty,privateMethodsQty,protectedMethodsQty,defaultMethodsQty,visibleMethodsQty,abstractMethodsQty,finalMethodsQty,synchronizedMethodsQty,totalFieldsQty,staticFieldsQty,publicFieldsQty,privateFieldsQty,protectedFieldsQty,defaultFieldsQty,finalFieldsQty,synchronizedFieldsQty,nosi,loc,returnQty,loopQty,comparisonsQty,tryCatchQty,parenthesizedExpsQty,stringLiteralsQty,numbersQty,assignmentsQty,mathOperationsQty,variablesQty,maxNestedBlocksQty,anonymousClassesQty,innerClassesQty,lambdasQty,uniqueWordsQty,modifiers,logStatementsQty
E:\FYP_Project\temp_batch\File_897.java,com.puppycrawl.tools.checkstyle.api.Context,interface,0,0,0,0,2,1,0,0,1,0.0,0.0,0.0,2,0,0,0,0,2,2,0,0,0,0,0,0,0,0,0,0,0,0,4,0,0,0,0,0,0,0,0,0,0,0,0,0,0,34,1,0
E:\FYP_Project\temp_batch\File_2179.java,org.junit.tests.experimental.theories.internal.AllTheoriesInternalTests,class,6,6,0,6,0,1,0,0,0,0.0,-1.0,-1.0,0,0,0,0,0,0,0,0,0,0,0,0,0,0,0,0,0,0,0,2,0,0,0,0,0,0,0,0,0,0,0,0,0,0,4,1,0
E:\FYP_Project\temp_batch\File_967.java,NonStaticBeforeClass,innerclass,2,3,1,2,2,1,0,0,1,0.0,0.0,0.0,2,0,2,0,0,0,2,0,0,0,0,0,0,0,0,0,0,0,0,6,0,0,0,0,0,0,0,0,0,0,0,0,0,0,11,9,0
E:\FYP_Project\temp_batch\File_981.java,Stopwatch,class,6,7,1,6,13,1,0,4,43,0.72727275,0.0,0.0,11,0,3,3,4,1,8,0,1,0,3,0,0,3,0,0,1,0,0,67,3,0,2,0,0,1,3,6,1,4,1,0,2,0,108,1,0
E:\FYP_Project\temp_batch\File_2167.java,junit.tests.extensions.RepeatedTestTest,class,6,6,0,6,6,3,0,9,0,0.0,0.0,0.0,5,0,5,0,0,0,5,0,0,0,1,0,0,1,0,0,0,0,0,44,1,0,0,1,0,2,10,7,0,7,1,0,1,0,26,1,0
E:\FYP_Project\temp_batch\File_981.java,Clock,innerclass,0,1,1,0,1,1,0,1,0,0.0,NaN,NaN,1,0,1,0,0,0,1,0,0,0,0,0,0,0,0,0,0,0,0,5,1,0,0,0,0,0,0,0,0,0,0,0,0,0,3,8,0
E:\FYP_Project\temp_batch\File_2154.java,org.junit.rules.ClassRulesTest$CustomCounter$Anonymous1,anonymous,0,0,0,0,1,1,0,1,0,0.0,NaN,NaN,1,0,1,0,0,0,1,0,0,0,0,0,0,0,0,0,0,0,0,6,0,0,0,0,0,0,0,0,0,0,0,0,0,0,3,-1,0
E:\FYP_Project\temp_batch\File_2542.java,MyResource,innerclass,2,3,1,2,1,1,0,0,0,0.0,NaN,NaN,1,0,1,0,0,0,1,0,0,0,0,0,0,0,0,0,0,0,0,4,0,0,0,0,0,0,0,0,0,0,0,0,0,0,6,9,0
E:\FYP_Project\temp_batch\File_885.java,junit.framework.TestSuite,class,5,8,3,5,47,1,0,43,234,0.76,0.0,0.0,25,3,20,5,0,0,20,0,0,0,2,0,0,2,0,0,0,0,14,170,23,5,4,4,4,22,6,12,9,8,3,1,0,0,143,1,0
E:\FYP_Project\temp_batch\File_2141.java,DiffExtractor,innerclass,1,2,1,1,8,1,0,5,5,0.5,0.0,0.0,6,0,4,2,0,0,4,0,0,0,2,0,0,2,0,0,2,0,0,29,7,0,0,0,0,0,1,2,5,2,1,0,0,0,29,2,0
E:\FYP_Project\temp_batch\File_5236.java,org.apache.commons.lang3.text.FormattableUtils,class,1,2,1,1,14,1,0,12,15,0.8333333,0.0,0.0,6,5,6,0,0,0,6,0,0,0,1,1,0,1,0,0,1,0,5,31,5,1,2,0,1,2,3,5,1,5,1,0,0,0,123,1,0
E:\FYP_Project\temp_batch\File_2154.java,org.junit.rules.ClassRulesTest$CallMethodOnlyOnceRule$Dummy,innerclass,4,4,0,4,1,1,0,0,0,0.0,NaN,NaN,1,0,1,0,0,0,1,0,0,0,0,0,0,0,0,0,0,0,0,10,1,0,0,0,0,0,0,0,0,0,0,1,0,0,7,10,0
E:\FYP_Project\temp_batch\File_2184.java,org.junit.tests.running.classes.ParameterizedTestTest$EmptyTest,innerclass,4,4,0,4,2,1,0,0,1,0.0,0.0,0.0,2,2,2,0,0,0,2,0,0,0,0,0,0,0,0,0,0,0,0,8,0,0,0,0,0,2,0,2,0,0,0,0,0,0,6,9,0
E:\FYP_Project\temp_batch\File_5269.java,com.puppycrawl.tools.checkstyle.utils.NullUtil,class,3,3,0,3,3,1,0,0,1,0.0,NaN,NaN,2,1,1,1,0,0,1,0,0,0,0,0,0,0,0,0,0,0,0,10,1,0,1,0,0,1,0,0,0,0,1,0,0,0,98,17,0
E:\FYP_Project\temp_batch\File_2190.java,SuccessfulTest,innerclass,2,3,1,2,1,1,0,0,0,0.0,NaN,NaN,1,0,1,0,0,0,1,0,0,0,0,0,0,0,0,0,0,0,0,4,0,0,0,0,0,0,0,0,0,0,0,0,0,0,5,9,0
E:\FYP_Project\temp_batch\File_2170.java,junit.tests.framework.NoTestCaseClass,class,0,0,0,0,1,1,0,0,0,0.0,NaN,NaN,1,0,1,0,0,0,1,0,0,0,0,0,0,0,0,0,0,0,0,4,0,0,0,0,0,0,0,0,0,0,0,0,0,0,10,1,0
E:\FYP_Project\temp_batch\File_3865.java,org.apache.commons.lang3.concurrent.EventCountCircuitBreaker$StateStrategyClosed,innerclass,3,3,0,3,3,2,0,3,1,0.0,0.0,0.0,2,0,1,0,1,0,2,0,0,0,0,0,0,0,0,0,0,0,0,8,2,0,0,0,0,0,0,0,0,0,0,0,0,0,21,26,0
E:\FYP_Project\temp_batch\File_2184.java,org.junit.tests.running.classes.ParameterizedTestTest$BeforeParamAndAfterParamError,innerclass,6,6,0,6,5,1,0,1,10,0.0,0.0,0.0,5,2,4,1,0,0,4,0,0,0,0,0,0,0,0,0,0,0,1,13,1,0,0,0,0,2,0,0,0,0,0,0,0,0,10,9,0
E:\FYP_Project\temp_batch\File_2154.java,org.junit.rules.ClassRulesTest,class,18,18,0,18,12,5,0,11,44,0.7083333,0.0,0.0,12,0,12,0,0,0,12,0,0,0,2,2,0,2,0,0,2,0,17,228,0,0,0,0,0,4,17,15,0,8,0,0,16,0,44,1,0
E:\FYP_Project\temp_batch\File_2155.java,org.junit.rules.MethodRulesTest$HasMethodReturningMethodRule$Anonymous7$Anonymous8,anonymous,0,0,0,0,1,1,0,1,0,0.0,NaN,NaN,1,0,1,0,0,0,1,0,0,0,0,0,0,0,0,0,0,0,0,6,0,0,0,0,0,0,0,1,0,0,0,0,0,0,6,-1,0
E:\FYP_Project\temp_batch\File_2174.java,org.junit.tests.experimental.AssumptionTest$HasFailingAssumption,innerclass,2,2,0,2,1,1,0,3,0,0.0,NaN,NaN,1,0,1,0,0,0,1,0,0,0,0,0,0,0,0,0,0,0,1,6,0,0,0,0,0,0,2,0,0,0,0,0,0,0,8,9,0
E:\FYP_Project\temp_batch\File_2138.java,org.junit.ComparisonFailure$ComparisonCompactor$DiffExtractor,innerclass,2,2,0,2,8,1,0,6,5,0.5,0.0,0.0,6,0,4,2,0,0,4,0,0,0,2,0,0,2,0,0,2,0,0,29,7,0,0,0,0,0,1,2,5,2,1,0,0,0,29,2,0
E:\FYP_Project\temp_batch\File_3859.java,org.apache.commons.lang3.ThreadUtilsTest,class,9,9,0,9,42,3,0,56,595,0.0,0.0,0.0,35,0,0,0,0,35,35,0,0,0,0,0,0,0,0,0,0,0,16,324,0,3,0,8,0,67,35,51,1,51,3,0,1,19,100,0,0
E:\FYP_Project\temp_batch\File_4159.java,CircuitBreaker,interface,0,0,0,0,6,1,0,0,15,0.0,0.0,0.0,6,0,0,0,0,6,6,0,0,0,0,0,0,0,0,0,0,0,0,8,0,0,0,0,0,0,0,0,0,0,0,0,0,0,119,1,0
E:\FYP_Project\temp_batch\File_2141.java,ComparisonCompactor,innerclass,2,3,1,2,11,1,0,10,0,0.625,0.0,0.0,4,0,2,2,0,0,2,0,0,0,6,3,0,6,0,0,6,0,0,72,5,2,4,0,0,3,7,13,8,13,2,0,1,0,54,10,0
E:\FYP_Project\temp_batch\File_2174.java,org.junit.tests.experimental.AssumptionTest$HasPassingAssumption,innerclass,2,2,0,2,1,1,0,3,0,0.0,NaN,NaN,1,0,1,0,0,0,1,0,0,0,0,0,0,0,0,0,0,0,1,6,0,0,0,0,0,0,2,0,0,0,0,0,0,0,8,9,0
E:\FYP_Project\temp_batch\File_2155.java,org.junit.rules.MethodRulesTest$BeforesAndAfters,innerclass,6,6,0,6,3,1,0,0,0,0.33333334,0.0,0.0,3,0,3,0,0,0,3,0,0,0,2,1,1,1,0,0,0,0,0,24,0,0,0,0,0,3,0,4,0,2,0,1,0,0,13,9,0
E:\FYP_Project\temp_batch\File_2155.java,org.junit.rules.MethodRulesTest$TestMethodRule,innerclass,4,4,0,4,1,1,0,0,0,0.0,NaN,NaN,1,0,1,0,0,0,1,0,0,0,0,0,0,0,0,0,0,0,0,11,1,0,0,0,0,0,0,0,0,0,0,1,0,0,8,10,0
E:\FYP_Project\temp_batch\File_2167.java,junit.tests.extensions.RepeatedTestTest$SuccessTest,innerclass,1,1,0,1,1,2,0,0,0,0.0,NaN,NaN,1,0,1,0,0,0,1,0,0,0,0,0,0,0,0,0,0,0,0,4,0,0,0,0,0,0,0,0,0,0,0,0,0,0,4,9,0
E:\FYP_Project\temp_batch\File_5217.java,org.apache.commons.lang3.builder.StandardToStringStyle,class,1,1,0,1,41,2,0,40,820,1.0,0.0,0.0,41,0,41,0,0,0,41,0,0,0,1,1,0,1,0,0,1,0,0,125,20,0,0,0,0,0,1,1,0,1,0,0,0,0,117,1,0
E:\FYP_Project\temp_batch\File_2181.java,org.junit.tests.junit3compatibility.ForwardCompatibilityTest$NoExceptionTest,innerclass,1,1,0,1,1,1,0,0,0,0.0,NaN,NaN,1,0,1,0,0,0,1,0,0,0,0,0,0,0,0,0,0,0,0,4,0,0,0,0,0,0,0,0,0,0,0,0,0,0,5,9,0
E:\FYP_Project\temp_batch\File_2155.java,org.junit.rules.MethodRulesTest$NoRulesTest,innerclass,1,1,0,1,1,1,0,0,0,1.0,NaN,NaN,1,0,1,0,0,0,1,0,0,0,1,0,1,0,0,0,0,0,0,5,0,0,0,0,0,0,0,0,0,1,0,0,0,0,5,9,0
E:\FYP_Project\temp_batch\File_690.java,SerializationFormat,enum,0,0,0,0,0,1,0,0,0,0.0,-1.0,-1.0,0,0,0,0,0,0,0,0,0,0,0,0,0,0,0,0,0,0,0,1,0,0,0,0,0,0,0,0,0,0,0,0,0,0,5,2,0
E:\FYP_Project\temp_batch\File_998.java,TestUtil,class,27,28,1,27,46,1,0,52,561,0.9705882,0.0,0.0,34,33,30,4,0,0,30,0,0,0,1,1,0,1,0,0,1,0,0,198,38,2,6,3,0,12,4,31,1,33,3,0,0,11,292,17,0
E:\FYP_Project\temp_batch\File_5237.java,StrLookup,class,7,10,3,7,5,1,0,0,10,0.8,0.0,0.0,5,3,4,0,1,0,5,1,0,0,2,2,0,2,0,0,2,0,0,33,3,0,0,0,0,0,0,2,0,2,0,0,2,0,142,1025,0
E:\FYP_Project\temp_batch\File_4075.java,org.junit.rules.StopwatchTest$SuccessfulTest,innerclass,2,2,0,2,1,2,0,0,0,0.0,NaN,NaN,1,0,1,0,0,0,1,0,0,0,0,0,0,0,0,0,0,0,0,4,0,0,0,0,0,0,0,0,0,0,0,0,0,0,5,9,0
E:\FYP_Project\temp_batch\File_2157.java,org.junit.rules.TestWatcherTest$CallbackArguments$Failed$Anonymous2,anonymous,1,1,0,1,1,1,0,0,0,0.0,NaN,NaN,1,0,0,0,1,0,1,0,0,0,0,0,0,0,0,0,0,0,0,6,0,0,0,0,0,0,0,2,0,0,0,0,0,0,6,-1,0
E:\FYP_Project\temp_batch\File_5222.java,org.apache.commons.lang3.mutable.MutableByte,class,2,3,1,2,32,2,0,6,0,0.53225803,0.0,0.0,31,0,31,0,0,0,31,0,0,0,2,1,0,2,0,0,1,0,5,111,20,0,1,0,1,0,1,18,0,6,1,0,0,0,134,1,0
E:\FYP_Project\temp_batch\File_5215.java,org.apache.commons.lang3.builder.EqualsBuilder,class,15,16,1,15,160,1,0,65,183,0.85034007,0.0,0.0,42,10,34,4,1,3,38,0,0,0,7,1,0,7,0,0,1,0,27,448,85,11,56,2,3,1,11,46,0,27,3,0,0,0,325,1,0
E:\FYP_Project\temp_batch\File_2183.java,org.junit.tests.manipulation.OrderWithTest$TestClassRunnerIsOrderableViaOrderWith$SuiteOrderedReverseAlphanumerically,innerclass,3,3,0,3,0,2,0,0,0,0.0,-1.0,-1.0,0,0,0,0,0,0,0,0,0,0,0,0,0,0,0,0,0,0,0,2,0,0,0,0,0,0,0,0,0,0,0,0,0,0,5,9,0
E:\FYP_Project\temp_batch\File_2184.java,org.junit.tests.running.classes.ParameterizedTestTest$AdditionTest,innerclass,5,5,0,5,3,1,0,2,0,0.0,0.0,0.0,3,1,3,0,0,0,3,0,0,0,3,0,0,3,0,0,0,0,2,16,1,0,0,0,0,1,12,3,1,3,0,0,0,0,12,9,0
E:\FYP_Project\temp_batch\File_2183.java,org.junit.tests.manipulation.OrderWithTest$TestClassRunnerIsOrderableWithSuiteMethod$Unordered,innerclass,1,1,0,1,3,1,0,0,3,0.0,0.0,0.0,3,0,3,0,0,0,3,0,0,0,0,0,0,0,0,0,0,0,0,11,0,0,0,0,0,3,0,3,0,0,0,0,0,0,5,9,0
E:\FYP_Project\temp_batch\File_2155.java,org.junit.rules.MethodRulesTest$CallsMethodReturningRuleOnlyOnce$Dummy$Anonymous9,anonymous,0,0,0,0,1,1,0,1,0,0.0,NaN,NaN,1,0,1,0,0,0,1,0,0,0,0,0,0,0,0,0,0,0,0,5,0,0,0,0,0,0,0,0,0,0,0,0,0,0,2,-1,0
E:\FYP_Project\temp_batch\File_3865.java,org.apache.commons.lang3.concurrent.EventCountCircuitBreaker$StateStrategyOpen,innerclass,3,3,0,3,4,2,0,4,1,0.0,0.0,0.0,2,0,1,0,1,0,2,0,0,0,0,0,0,0,0,0,0,0,0,8,2,0,1,0,0,0,0,0,0,0,0,0,0,0,21,26,0
E:\FYP_Project\temp_batch\File_5574.java,com.puppycrawl.tools.checkstyle.filters.suppressionxpathsinglefilter.Example11,class,0,0,0,0,2,1,0,0,1,0.5,0.0,0.0,2,0,2,0,0,0,2,0,0,0,2,0,0,2,0,0,0,0,0,10,0,0,0,0,0,0,3,4,0,2,0,0,0,0,6,1,0
E:\FYP_Project\temp_batch\File_2157.java,org.junit.rules.TestWatcherTest,class,2,2,0,2,0,1,0,0,0,0.0,-1.0,-1.0,0,0,0,0,0,0,0,0,0,0,0,0,0,0,0,0,0,0,0,218,0,0,0,0,0,0,0,0,0,0,0,0,3,0,2,1,0
E:\FYP_Project\temp_batch\File_2138.java,org.junit.ComparisonFailure,class,1,2,1,1,4,4,0,2,0,0.5625,0.0,0.0,4,0,4,0,0,0,4,0,0,0,4,2,0,4,0,0,2,0,0,92,3,0,0,0,0,0,2,4,0,4,0,0,1,0,79,1,0
E:\FYP_Project\temp_batch\File_2157.java,org.junit.rules.TestWatcherTest$CallbackArguments$DeprecatedSkipped$Anonymous4,anonymous,2,2,0,2,1,1,0,0,0,0.0,NaN,NaN,1,0,0,0,1,0,1,0,0,0,0,0,0,0,0,0,0,0,0,6,0,0,0,0,0,1,0,2,0,0,0,0,0,0,8,-1,0
E:\FYP_Project\temp_batch\File_2183.java,org.junit.tests.manipulation.OrderWithTest$TestClassRunnerIsOrderableViaOrderWith,innerclass,11,11,0,11,5,5,0,3,0,0.0,0.0,0.0,5,0,5,0,0,0,5,0,0,0,1,1,0,1,0,0,0,0,4,69,0,0,0,0,0,6,0,6,0,5,0,0,6,0,25,9,0
E:\FYP_Project\temp_batch\File_973.java,Computer$Anonymous2,anonymous,2,2,0,2,1,1,0,0,0,0.0,NaN,NaN,1,0,0,0,1,0,1,0,0,0,0,0,0,0,0,0,0,0,0,5,1,0,0,0,0,1,0,0,0,0,0,0,0,0,2,-1,0
E:\FYP_Project\temp_batch\File_790.java,org.apache.commons.lang3.function.Failable,class,25,26,1,25,58,1,0,36,666,0.0,0.0,0.0,37,36,35,2,0,0,35,0,0,0,0,0,0,0,0,0,0,0,37,195,26,1,8,11,0,3,0,5,0,12,4,0,0,20,290,1,0
E:\FYP_Project\temp_batch\File_2157.java,org.junit.rules.TestWatcherTest$Callbacks,innerclass,17,17,0,17,5,2,0,14,0,0.25,0.0,0.0,4,1,4,0,0,0,4,0,0,0,4,1,3,1,0,0,0,0,11,81,1,1,0,0,0,24,3,8,0,8,1,0,6,0,45,9,0
E:\FYP_Project\temp_batch\File_973.java,Computer$Anonymous1,anonymous,3,3,0,3,1,1,0,1,0,0.0,NaN,NaN,1,0,1,0,0,0,1,0,0,0,0,0,0,0,0,0,0,0,0,5,1,0,0,0,0,0,0,0,0,0,0,0,0,0,7,-1,0
E:\FYP_Project\temp_batch\File_2157.java,org.junit.rules.TestWatcherTest$CallbackArguments$Succeeded$Anonymous1,anonymous,1,1,0,1,1,1,0,0,0,0.0,NaN,NaN,1,0,0,0,1,0,1,0,0,0,0,0,0,0,0,0,0,0,0,5,0,0,0,0,0,0,0,1,0,0,0,0,0,0,4,-1,0
E:\FYP_Project\temp_batch\File_2047.java,Typed,interface,2,2,0,2,1,1,0,0,0,0.0,NaN,NaN,1,0,0,0,0,1,1,0,0,0,0,0,0,0,0,0,0,0,0,3,0,0,0,0,0,0,0,0,0,0,0,0,0,0,12,1,0
E:\FYP_Project\temp_batch\File_5224.java,org.apache.commons.lang3.text.StrLookup$MapStrLookup,innerclass,2,2,0,2,3,2,0,2,0,0.0,0.0,0.0,2,0,1,0,0,1,2,0,0,0,1,0,0,1,0,0,1,0,1,12,2,0,1,0,0,0,0,1,0,1,1,0,0,0,45,26,0
E:\FYP_Project\temp_batch\File_2151.java,org.junit.internal.runners.statements.FailOnTimeoutTest,class,17,18,1,17,17,5,0,32,66,0.6923077,0.0,0.0,13,1,11,2,0,0,11,0,0,0,1,0,1,0,0,0,0,0,22,149,3,1,0,0,0,14,4,29,0,24,2,3,4,0,144,1,0
E:\FYP_Project\temp_batch\File_5812.java,org.apache.commons.lang3.exception.ExceptionUtilsTest$ExceptionWithCause,innerclass,1,1,0,1,4,3,0,1,0,0.5,0.0,0.0,4,0,2,0,0,2,4,0,0,1,2,1,0,2,0,0,1,0,0,17,1,0,0,0,0,0,1,2,0,2,0,0,0,0,33,26,0
E:\FYP_Project\temp_batch\File_2151.java,org.junit.internal.runners.statements.FailOnTimeoutTest$Anonymous2,anonymous,1,1,0,1,1,1,0,4,0,0.0,NaN,NaN,1,0,1,0,0,0,1,0,0,0,0,0,0,0,0,0,0,0,2,7,0,0,0,0,0,1,0,1,0,1,0,0,0,0,13,-1,0
E:\FYP_Project\temp_batch\File_2151.java,org.junit.internal.runners.statements.FailOnTimeoutTest$Anonymous1,anonymous,1,1,0,1,1,1,0,7,0,0.0,NaN,NaN,1,0,1,0,0,0,1,0,0,0,0,0,0,0,0,0,0,0,4,9,0,0,0,0,0,2,0,1,0,1,0,0,0,0,16,-1,0
E:\FYP_Project\temp_batch\File_2181.java,org.junit.tests.junit3compatibility.ForwardCompatibilityTest$MarkerRunner,innerclass,3,3,0,3,4,2,0,0,6,0.0,0.0,0.0,4,0,4,0,0,0,4,0,0,0,0,0,0,0,0,0,0,0,0,13,2,0,0,0,0,0,1,1,0,0,0,0,0,0,13,9,0
E:\FYP_Project\temp_batch\File_2184.java,org.junit.tests.running.classes.ParameterizedTestTest$PrivateConstructor,innerclass,4,4,0,4,3,1,0,1,3,0.0,0.0,0.0,3,1,2,1,0,0,2,0,0,0,0,0,0,0,0,0,0,0,1,9,1,0,0,0,0,0,1,0,0,0,0,0,0,0,6,9,0
E:\FYP_Project\temp_batch\File_659.java,junit.tests.runner.ResultTest$ResultWithFixedRunTime,innerclass,2,2,0,2,7,2,0,5,0,0.5714286,0.0,0.0,7,0,7,0,0,0,7,0,0,0,2,1,0,2,0,0,2,0,0,25,6,0,0,0,0,0,2,2,0,2,0,0,0,0,33,10,0
E:\FYP_Project\temp_batch\File_2151.java,org.junit.internal.runners.statements.FailOnTimeoutTest$Anonymous3,anonymous,0,0,0,0,1,1,0,1,0,0.0,NaN,NaN,1,0,1,0,0,0,1,0,0,0,0,0,0,0,0,0,0,0,0,5,0,0,0,0,0,0,0,0,0,0,0,0,0,0,2,-1,0
E:\FYP_Project\temp_batch\File_4597.java,com.puppycrawl.tools.checkstyle.utils.ScopeUtil,class,4,5,1,4,42,1,0,28,153,0.0,0.0,0.0,18,17,16,2,0,0,16,0,0,0,0,0,0,0,0,0,0,0,17,138,18,6,17,0,0,0,1,39,0,20,3,0,0,3,111,17,0
E:\FYP_Project\temp_batch\File_2184.java,org.junit.tests.running.classes.ParameterizedTestTest$BeforeParamAndAfterParamErrorNumberOfParameters,innerclass,6,6,0,6,5,1,0,1,10,0.0,0.0,0.0,5,3,5,0,0,0,5,0,0,0,0,0,0,0,0,0,0,0,1,13,1,0,0,0,0,4,0,0,0,0,0,0,0,0,15,9,0
E:\FYP_Project\temp_batch\File_2184.java,org.junit.tests.running.classes.ParameterizedTestTest,class,35,36,1,35,29,2,0,29,364,0.7586207,0.0,0.0,29,0,28,1,0,0,28,0,0,0,1,1,0,1,0,0,0,0,36,466,0,0,0,0,0,28,35,37,5,30,0,0,27,0,127,1,0
E:\FYP_Project\temp_batch\File_2183.java,org.junit.tests.manipulation.OrderWithTest$TestClassRunnerIsOrderableViaOrderWith$OrderedReverseAlphanumerically,innerclass,3,3,0,3,0,2,0,0,0,0.0,-1.0,-1.0,0,0,0,0,0,0,0,0,0,0,0,0,0,0,0,0,0,0,0,2,0,0,0,0,0,0,0,0,0,0,0,0,0,0,4,9,0
E:\FYP_Project\temp_batch\File_690.java,ResultWithFixedRunTime,innerclass,3,4,1,3,7,1,0,5,0,0.5714286,0.0,0.0,7,0,7,0,0,0,7,0,0,0,2,1,0,2,0,0,2,0,0,25,6,0,0,0,0,0,2,2,0,2,0,0,0,0,33,10,0
E:\FYP_Project\temp_batch\File_4075.java,org.junit.rules.StopwatchTest$SkippedTest,innerclass,2,2,0,2,1,2,0,1,0,0.0,NaN,NaN,1,0,1,0,0,0,1,0,0,0,0,0,0,0,0,0,0,0,0,5,0,0,0,0,0,0,0,0,0,0,0,0,0,0,8,9,0
E:\FYP_Project\temp_batch\File_945.java,org.apache.commons.lang3.builder.Reflection,class,0,1,1,0,2,1,0,2,0,0.0,NaN,NaN,1,1,0,0,0,1,1,0,0,0,0,0,0,0,0,0,0,0,1,10,1,0,0,1,0,1,0,0,0,0,1,0,0,0,28,16,0
E:\FYP_Project\temp_batch\File_2145.java,org.junit.internal.management.FakeThreadMXBean,class,1,1,0,1,2,1,0,0,1,0.0,0.0,0.0,2,0,2,0,0,0,2,0,0,0,0,0,0,0,0,0,0,0,0,8,1,0,0,0,0,0,0,0,0,0,0,0,0,0,26,16,0
E:\FYP_Project\temp_batch\File_2184.java,org.junit.tests.running.classes.ParameterizedTestTest$BeforeAndAfter,innerclass,6,6,0,6,5,1,0,1,10,0.0,0.0,0.0,5,3,5,0,0,0,5,0,0,0,0,0,0,0,0,0,0,0,1,15,1,0,0,0,0,2,1,2,0,0,0,0,0,0,11,9,0
E:\FYP_Project\temp_batch\File_3865.java,org.apache.commons.lang3.concurrent.EventCountCircuitBreaker$AbstractStateStrategy,innerclass,3,3,0,3,4,1,0,2,3,0.0,0.0,0.0,3,0,2,0,1,0,3,2,0,0,0,0,0,0,0,0,0,0,0,7,1,0,0,0,0,0,0,0,1,0,0,0,0,0,67,1034,0
E:\FYP_Project\temp_batch\File_28.java,org.junit.internal.runners.MethodValidator,class,8,9,1,8,17,1,0,18,0,0.35714287,0.0,0.0,7,0,6,1,0,0,6,0,0,0,2,0,0,2,0,0,1,0,3,60,1,1,4,1,0,15,2,5,5,5,2,0,0,0,55,1,0
E:\FYP_Project\temp_batch\File_2185.java,org.junit.tests.running.methods.AllMethodsTests,class,9,9,0,9,0,1,0,0,0,0.0,-1.0,-1.0,0,0,0,0,0,0,0,0,0,0,0,0,0,0,0,0,0,0,0,2,0,0,0,0,0,0,0,0,0,0,0,0,0,0,3,1,0
E:\FYP_Project\temp_batch\File_1045.java,com.puppycrawl.tools.checkstyle.gui.CodeSelector,class,3,3,0,3,3,1,0,7,0,0.0,0.0,0.0,2,0,2,0,0,0,2,0,0,0,2,0,0,2,0,0,2,0,0,20,0,0,0,0,0,0,0,3,0,2,1,0,0,0,27,1,0
E:\FYP_Project\temp_batch\File_2157.java,org.junit.rules.TestWatcherTest$Callbacks$ViolatedAssumptionTest,innerclass,3,3,0,3,1,1,0,1,0,1.0,NaN,NaN,1,0,1,0,0,0,1,0,0,0,1,0,1,0,0,0,0,0,0,6,0,0,0,0,0,0,0,1,0,1,0,0,0,0,10,9,0
E:\FYP_Project\temp_batch\File_5237.java,MapStrLookup,innerclass,4,5,1,4,3,1,0,2,0,0.0,0.0,0.0,2,0,1,0,0,1,2,0,0,0,1,0,0,1,0,0,1,0,0,12,2,0,1,0,0,0,0,1,0,1,1,0,0,0,45,26,0
E:\FYP_Project\temp_batch\File_2183.java,org.junit.tests.manipulation.OrderWithTest$UnOrderableRunnersAreHandledWithoutCrashing,innerclass,5,5,0,5,1,2,0,3,0,0.0,NaN,NaN,1,0,1,0,0,0,1,0,0,0,0,0,0,0,0,0,0,0,0,19,0,0,0,0,0,0,0,1,0,1,0,0,2,0,14,9,0
E:\FYP_Project\temp_batch\File_2165.java,org.junit.runners.parameterized.BlockJUnit4ClassRunnerWithParametersFactory,class,4,6,2,4,1,1,0,0,0,0.0,NaN,NaN,1,0,1,0,0,0,1,0,0,0,0,0,0,0,0,0,0,0,0,5,1,0,0,0,0,0,0,0,0,0,0,0,0,0,17,1,0
E:\FYP_Project\temp_batch\File_2548.java,Annotatable,interface,3,3,0,3,2,1,0,0,1,0.0,0.0,0.0,2,0,0,0,0,2,2,0,0,0,0,0,0,0,0,0,0,0,0,4,0,0,0,0,0,0,0,0,0,0,0,0,0,0,20,1,0
E:\FYP_Project\temp_batch\File_2176.java,org.junit.tests.experimental.max.MaxStarterTest,class,24,25,1,24,20,4,0,35,0,0.5526316,0.0,0.0,19,0,18,1,0,0,18,0,0,0,2,0,0,2,0,0,0,0,19,181,0,0,0,0,0,20,18,48,1,48,1,2,6,0,103,1,0
E:\FYP_Project\temp_batch\File_2183.java,org.junit.tests.manipulation.OrderWithTest$TestClassRunnerIsOrderableViaOrderWith$UnorderedSuite,innerclass,2,2,0,2,0,1,0,0,0,0.0,-1.0,-1.0,0,0,0,0,0,0,0,0,0,0,0,0,0,0,0,0,0,0,0,24,0,0,0,0,0,0,0,0,0,0,0,0,2,0,2,9,0
E:\FYP_Project\temp_batch\File_5527.java,ReverseListIterator,class,5,5,0,5,3,1,0,3,0,0.0,0.0,0.0,2,0,2,0,0,0,2,0,0,0,2,0,0,2,0,0,1,0,0,19,1,0,1,0,0,0,2,4,1,3,1,0,0,0,27,1,0
E:\FYP_Project\temp_batch\File_2154.java,org.junit.rules.ClassRulesTest$MethodExampleTestWithClassRule,innerclass,4,4,0,4,3,1,0,1,0,0.0,0.0,0.0,3,1,3,0,0,0,3,0,0,0,1,1,0,1,0,0,0,0,2,12,1,0,0,0,0,0,2,1,0,1,0,0,0,0,13,9,0
E:\FYP_Project\temp_batch\File_2174.java,org.junit.tests.experimental.AssumptionTest$HasAssumeWithMessageAndCause,innerclass,1,1,0,1,1,1,0,1,0,0.0,NaN,NaN,1,0,1,0,0,0,1,0,0,0,0,0,0,0,0,0,0,0,0,5,0,0,0,0,0,0,0,0,0,0,0,0,0,0,11,9,0
E:\FYP_Project\temp_batch\File_2178.java,org.junit.tests.experimental.theories.extendingwithstubs.StubbedTheories,class,5,5,0,5,2,3,0,1,1,0.0,0.0,0.0,2,0,2,0,0,0,2,0,0,0,0,0,0,0,0,0,0,0,0,35,1,0,0,0,0,0,0,0,0,0,0,0,1,0,12,1,0
E:\FYP_Project\temp_batch\File_2181.java,org.junit.tests.junit3compatibility.ForwardCompatibilityTest$Anonymous1,anonymous,2,2,0,2,4,1,0,2,6,0.0,0.0,0.0,4,0,4,0,0,0,4,0,0,0,0,0,0,0,0,0,0,0,0,14,0,0,0,0,0,4,0,0,1,0,0,0,0,0,14,-1,0
E:\FYP_Project\temp_batch\File_68.java,org.apache.commons.lang3.builder.ConversionTest,class,1,1,0,1,3,1,0,4,3,0.0,0.0,0.0,3,0,0,0,0,3,3,0,0,0,0,0,0,0,0,0,0,0,0,12,0,0,0,0,0,3,18,0,0,0,0,0,0,2,16,0,0
E:\FYP_Project\temp_batch\File_4075.java,org.junit.rules.StopwatchTest$DurationAfterTestTest,innerclass,5,5,0,5,2,2,0,3,1,0.0,0.0,0.0,2,0,1,0,1,0,2,0,0,0,0,0,0,0,0,0,0,0,5,11,0,0,0,0,0,0,5,0,0,0,0,0,0,0,24,9,0
E:\FYP_Project\temp_batch\File_2174.java,org.junit.tests.experimental.AssumptionTest$HasFailingAssumptionWithMessage,innerclass,2,2,0,2,1,1,0,3,0,0.0,NaN,NaN,1,0,1,0,0,0,1,0,0,0,0,0,0,0,0,0,0,0,1,6,0,0,0,0,0,0,2,0,0,0,0,0,0,0,10,9,0
E:\FYP_Project\temp_batch\File_983.java,SystemUtils,class,5,5,0,5,35,1,0,60,239,0.99464875,0.0,0.0,23,22,16,3,0,4,20,0,0,0,130,130,128,1,0,1,130,0,0,225,28,1,7,1,0,108,1,134,14,134,2,0,0,1,309,1,0
E:\FYP_Project\temp_batch\File_2154.java,org.junit.rules.ClassRulesTest$ClassRuleOrderingDefault,innerclass,5,5,0,5,4,1,0,1,6,0.0,0.0,0.0,4,2,4,0,0,0,4,0,0,0,0,0,0,0,0,0,0,0,0,14,2,0,0,0,0,4,0,0,0,0,0,0,0,0,10,9,0
E:\FYP_Project\temp_batch\File_2144.java,org.junit.internal.InexactComparisonCriteria,class,2,3,1,2,4,2,0,2,0,0.0,0.0,0.0,3,0,2,0,1,0,3,0,0,0,1,0,1,0,0,0,0,0,2,17,0,0,0,0,0,0,0,2,0,1,1,0,0,0,14,1,0
E:\FYP_Project\temp_batch\File_5636.java,ModuleDetails,class,4,4,0,4,18,1,0,3,99,0.81746036,0.0,0.0,18,0,18,0,0,0,18,0,0,0,7,0,0,7,0,0,2,0,0,68,7,0,0,0,0,0,0,12,0,7,0,0,0,0,56,17,0
E:\FYP_Project\temp_batch\File_5356.java,com.puppycrawl.tools.checkstyle.xpath.iterators.ReverseListIterator,class,2,2,0,2,3,1,0,3,0,0.0,0.0,0.0,2,0,2,0,0,0,2,0,0,0,2,0,0,2,0,0,1,0,0,19,1,0,1,0,0,0,2,4,1,3,1,0,0,0,27,1,0
E:\FYP_Project\temp_batch\File_2168.java,junit.tests.framework.DoublePrecisionAssertTest,class,1,1,0,1,11,2,0,2,21,0.0,0.0,0.0,7,0,7,0,0,0,7,0,0,0,0,0,0,0,0,0,0,0,0,47,4,0,0,4,0,0,10,0,0,0,1,0,0,0,22,1,0
E:\FYP_Project\temp_batch\File_2155.java,org.junit.rules.MethodRulesTest$Increment$Anonymous2,anonymous,0,0,0,0,1,1,0,1,0,0.0,NaN,NaN,1,0,1,0,0,0,1,0,0,0,0,0,0,0,0,0,0,0,0,6,0,0,0,0,0,0,0,0,0,0,0,0,0,0,4,-1,0
E:\FYP_Project\temp_batch\File_337.java,ModuleType,enum,1,2,1,1,2,1,0,0,0,0.0,0.0,0.0,2,0,1,0,0,1,2,0,0,0,1,0,0,1,0,0,1,0,0,12,1,0,0,0,0,3,0,1,0,1,0,0,0,0,33,1,0
E:\FYP_Project\temp_batch\File_958.java,TestSuite,class,12,13,1,12,47,1,0,36,234,0.76,0.0,0.0,25,3,20,5,0,0,20,0,0,0,2,0,0,2,0,0,0,0,0,170,23,5,4,4,4,22,6,12,9,8,3,1,0,0,143,1,0
E:\FYP_Project\temp_batch\File_2184.java,org.junit.tests.running.classes.ParameterizedTestTest$BadNumberOfAnnotatedFieldTest,innerclass,7,7,0,7,3,1,0,3,1,0.33333334,0.0,0.0,3,1,2,1,0,0,2,0,0,0,2,0,2,0,0,0,0,0,2,13,2,0,0,0,0,0,4,0,0,2,0,0,0,0,15,9,0
E:\FYP_Project\temp_batch\File_2183.java,org.junit.tests.manipulation.OrderWithTest$TestClassRunnerIsOrderableViaOrderWith$Unordered,innerclass,1,1,0,1,3,1,0,0,3,0.0,0.0,0.0,3,0,3,0,0,0,3,0,0,0,0,0,0,0,0,0,0,0,0,11,0,0,0,0,0,3,0,3,0,0,0,0,0,0,5,9,0
E:\FYP_Project\temp_batch\File_947.java,Reflection,class,2,2,0,2,2,1,0,2,0,0.0,NaN,NaN,1,1,0,0,0,1,1,0,0,0,0,0,0,0,0,0,0,0,0,10,1,0,0,1,0,1,0,0,0,0,1,0,0,0,28,16,0
E:\FYP_Project\temp_batch\File_2176.java,org.junit.tests.experimental.max.MaxStarterTest$TwoOldTests,innerclass,1,1,0,1,2,2,0,0,1,0.0,0.0,0.0,2,0,2,0,0,0,2,0,0,0,0,0,0,0,0,0,0,0,0,6,0,0,0,0,0,0,0,0,0,0,0,0,0,0,7,9,0
E:\FYP_Project\temp_batch\File_2157.java,org.junit.rules.TestWatcherTest$CallbackArguments$Skipped,innerclass,6,6,0,6,1,1,0,1,0,1.0,NaN,NaN,1,0,1,0,0,0,1,0,0,0,3,2,1,2,0,0,1,0,0,14,0,0,0,0,0,1,0,1,0,3,0,1,0,0,11,9,0
E:\FYP_Project\temp_batch\File_2146.java,org.junit.internal.matchers.TypeSafeMatcher,class,3,4,1,3,11,2,0,11,9,0.5,0.0,0.0,6,2,2,2,2,0,4,1,1,0,1,0,0,1,0,0,0,0,2,26,3,2,3,0,0,3,2,4,0,2,3,0,0,0,69,1025,0
E:\FYP_Project\temp_batch\File_2154.java,org.junit.rules.ClassRulesTest$CallMethodOnlyOnceRule,innerclass,5,5,0,5,2,1,0,1,0,0.0,0.0,0.0,2,1,2,0,0,0,2,0,0,0,1,1,0,0,0,1,0,0,1,20,1,0,0,0,0,0,2,1,0,1,0,0,1,0,13,9,0
E:\FYP_Project\temp_batch\File_2184.java,org.junit.tests.running.classes.ParameterizedTestTest$SingleArgumentTestWithCollection,innerclass,4,4,0,4,3,1,0,2,3,0.0,0.0,0.0,3,1,3,0,0,0,3,0,0,0,0,0,0,0,0,0,0,0,2,9,1,0,0,0,0,2,0,0,0,0,0,0,0,0,11,9,0
E:\FYP_Project\temp_batch\File_5564.java,EnumUtils,class,16,16,0,16,40,1,0,36,251,0.9456522,0.0,0.0,23,22,20,3,0,0,20,0,0,0,4,4,0,4,0,0,4,0,0,128,26,3,9,1,3,7,10,16,16,17,2,0,0,4,199,1,0
E:\FYP_Project\temp_batch\File_901.java,org.junit.rules.Stopwatch,class,8,13,5,8,13,2,0,4,43,0.72727275,0.0,0.0,11,0,3,3,4,1,8,0,1,0,3,0,0,3,0,0,1,0,0,67,3,0,2,0,0,1,3,6,1,4,1,0,2,0,108,1,0
E:\FYP_Project\temp_batch\File_2154.java,org.junit.rules.ClassRulesTest$OrderTestRule$Anonymous2,anonymous,0,0,0,0,1,1,0,2,0,0.0,NaN,NaN,1,0,1,0,0,0,1,0,0,0,0,0,0,0,0,0,0,0,0,6,0,0,0,0,0,0,0,0,0,0,0,0,0,0,3,-1,0
E:\FYP_Project\temp_batch\File_5597.java,org.junit.runners.model.MultipleFailureException,class,4,5,1,4,16,3,0,15,0,0.5714286,0.0,0.0,7,1,7,0,0,0,7,0,0,0,2,1,0,2,0,0,2,0,3,50,3,5,1,0,0,4,3,4,0,3,2,0,0,0,71,1,0
E:\FYP_Project\temp_batch\File_2176.java,org.junit.tests.experimental.max.MaxStarterTest$TwoTests,innerclass,2,2,0,2,2,1,0,1,1,0.0,0.0,0.0,2,0,2,0,0,0,2,0,0,0,0,0,0,0,0,0,0,0,1,7,0,0,0,0,0,0,0,0,0,0,0,0,0,0,6,9,0
E:\FYP_Project\temp_batch\File_989.java,MainTest,class,6,6,0,6,3,1,0,13,1,0.0,0.0,0.0,2,0,2,0,0,0,2,0,0,0,0,0,0,0,0,0,0,0,0,17,1,1,0,0,0,5,2,4,0,4,1,0,0,2,51,1,0
E:\FYP_Project\temp_batch\File_3861.java,org.apache.commons.lang3.builder.RecursiveToStringStyle,class,4,5,1,4,6,2,0,12,6,1.0,0.0,0.0,4,0,2,0,2,0,4,0,0,0,1,1,0,1,0,0,1,0,1,21,1,0,1,0,0,0,1,1,0,1,1,0,0,0,82,1,0
E:\FYP_Project\temp_batch\File_719.java,org.junit.tests.listening.RunnerTest$Example,innerclass,1,1,0,1,1,1,0,0,0,0.0,NaN,NaN,1,0,1,0,0,0,1,0,0,0,0,0,0,0,0,0,0,0,0,4,0,0,0,0,0,0,0,0,0,0,0,0,0,0,2,9,0
E:\FYP_Project\temp_batch\File_985.java,org.apache.commons.lang3.EnumUtils,class,5,6,1,5,40,1,0,47,251,0.9456522,0.0,0.0,23,22,20,3,0,0,20,0,0,0,4,4,0,4,0,0,4,0,38,128,26,3,9,1,3,7,10,16,16,17,2,0,0,4,199,1,0
E:\FYP_Project\temp_batch\File_2184.java,org.junit.tests.running.classes.ParameterizedTestTest$TestWithUseParametersRunnerFactoryAnnotation,innerclass,6,6,0,6,3,1,0,1,3,0.0,0.0,0.0,3,1,3,0,0,0,3,0,0,0,0,0,0,0,0,0,0,0,1,9,1,0,0,0,0,1,0,0,0,0,0,0,0,0,13,9,0
E:\FYP_Project\temp_batch\File_5223.java,org.apache.commons.lang3.text.FormatFactory,interface,0,0,0,0,1,1,0,0,0,0.0,NaN,NaN,1,0,0,0,0,1,1,0,0,0,0,0,0,0,0,0,0,0,0,3,0,0,0,0,0,0,0,0,0,0,0,0,0,0,42,1,0
E:\FYP_Project\temp_batch\File_659.java,junit.tests.runner.ResultTest$AssumptionFailedTest,innerclass,1,1,0,1,1,1,0,1,0,0.0,NaN,NaN,1,0,1,0,0,0,1,0,0,0,0,0,0,0,0,0,0,0,0,5,0,0,0,0,0,0,0,0,0,0,0,0,0,0,6,9,0
E:\FYP_Project\temp_batch\File_2175.java,org.junit.tests.experimental.max.JUnit38SortingTest$JUnit4Test,innerclass,1,1,0,1,1,1,0,0,0,0.0,NaN,NaN,1,0,1,0,0,0,1,0,0,0,0,0,0,0,0,0,0,0,0,4,0,0,0,0,0,0,0,0,0,0,0,0,0,0,4,9,0
E:\FYP_Project\temp_batch\File_2174.java,org.junit.tests.experimental.AssumptionTest,class,16,17,1,16,30,1,0,29,217,0.87878793,0.0,0.0,22,1,20,2,0,0,20,0,0,0,3,3,0,1,0,2,2,0,17,205,1,0,0,7,0,13,25,17,0,16,1,2,9,0,94,1,0
E:\FYP_Project\temp_batch\File_2155.java,org.junit.rules.MethodRulesTest$SonOfExampleTest,innerclass,1,1,0,1,0,2,0,0,0,0.0,-1.0,-1.0,0,0,0,0,0,0,0,0,0,0,0,0,0,0,0,0,0,0,0,2,0,0,0,0,0,0,0,0,0,0,0,0,0,0,4,9,0
E:\FYP_Project\temp_batch\File_2183.java,org.junit.tests.manipulation.OrderWithTest$TestClassRunnerIsOrderableViaOrderWith$OrderedAlphanumerically,innerclass,3,3,0,3,0,2,0,0,0,0.0,-1.0,-1.0,0,0,0,0,0,0,0,0,0,0,0,0,0,0,0,0,0,0,0,2,0,0,0,0,0,0,0,0,0,0,0,0,0,0,3,9,0
E:\FYP_Project\temp_batch\File_2174.java,org.junit.tests.experimental.AssumptionTest$HasFailingAssumeInBeforeClass,innerclass,3,3,0,3,2,1,0,2,1,0.0,0.0,0.0,2,1,2,0,0,0,2,0,0,0,0,0,0,0,0,0,0,0,1,8,0,0,0,0,0,0,0,0,0,0,0,0,0,0,17,9,0
E:\FYP_Project\temp_batch\File_2174.java,org.junit.tests.experimental.AssumptionTest$TestClassWithAssumptionFailure,innerclass,1,1,0,1,1,1,0,1,0,0.0,NaN,NaN,1,0,1,0,0,0,1,0,0,0,0,0,0,0,0,0,0,0,0,5,0,0,0,0,0,0,0,0,0,0,0,0,0,0,11,9,0
E:\FYP_Project\temp_batch\File_2181.java,org.junit.tests.junit3compatibility.ForwardCompatibilityTest$NewTest,innerclass,3,3,0,3,3,1,0,0,3,0.0,0.0,0.0,3,0,3,0,0,0,3,0,0,0,0,0,0,0,0,0,0,0,0,11,0,0,0,0,0,3,0,3,0,0,0,0,0,0,7,9,0
E:\FYP_Project\temp_batch\File_2181.java,org.junit.tests.junit3compatibility.ForwardCompatibilityTest$ExpectedTest,innerclass,1,1,0,1,1,1,0,0,0,0.0,NaN,NaN,1,0,1,0,0,0,1,0,0,0,0,0,0,0,0,0,0,0,0,5,0,0,0,0,0,0,0,0,0,0,0,0,0,0,4,9,0
E:\FYP_Project\temp_batch\File_2161.java,org.junit.runners.ParentRunner,class,31,35,4,31,67,2,0,73,491,0.88,0.0,0.0,35,0,7,10,18,0,25,3,3,0,5,1,0,5,0,0,3,0,6,312,21,9,6,8,0,0,1,40,0,27,4,5,1,0,273,1025,0
E:\FYP_Project\temp_batch\File_2157.java,org.junit.rules.TestWatcherTest$CallbackArguments$Succeeded,innerclass,5,5,0,5,1,1,0,0,0,1.0,NaN,NaN,1,0,1,0,0,0,1,0,0,0,2,1,1,1,0,0,1,0,0,11,0,0,0,0,0,0,0,1,0,2,0,1,0,0,8,9,0
E:\FYP_Project\temp_batch\File_881.java,org.junit.Assert,class,15,67,52,15,107,1,0,64,2485,0.0,0.0,0.0,71,70,56,13,1,1,58,0,0,0,0,0,0,0,0,0,0,0,93,318,19,0,21,1,2,36,3,25,19,17,3,0,0,0,223,1,0
E:\FYP_Project\temp_batch\File_913.java,org.junit.runner.Computer$Anonymous2,anonymous,0,0,0,0,1,1,0,0,0,0.0,NaN,NaN,1,0,0,0,1,0,1,0,0,0,0,0,0,0,0,0,0,0,0,5,1,0,0,0,0,1,0,0,0,0,0,0,0,0,2,-1,0
E:\FYP_Project\temp_batch\File_913.java,org.junit.runner.Computer$Anonymous1,anonymous,2,2,0,2,1,1,0,1,0,0.0,NaN,NaN,1,0,1,0,0,0,1,0,0,0,0,0,0,0,0,0,0,0,0,5,1,0,0,0,0,0,0,0,0,0,0,0,0,0,7,-1,0
E:\FYP_Project\temp_batch\File_2157.java,org.junit.rules.TestWatcherTest$InterplayWithOtherRules,innerclass,4,4,0,4,2,1,0,3,0,0.0,0.0,0.0,2,0,2,0,0,0,2,0,0,0,1,1,0,1,0,0,0,0,2,28,0,0,0,0,0,2,0,2,0,1,0,0,2,0,25,9,0
E:\FYP_Project\temp_batch\File_2176.java,org.junit.tests.experimental.max.MaxStarterTest$MalformedJUnit38Test,innerclass,0,0,0,0,2,1,0,0,1,0.0,NaN,NaN,2,0,1,1,0,0,1,0,0,0,0,0,0,0,0,0,0,0,0,6,0,0,0,0,0,1,0,0,0,0,0,0,0,0,6,10,0
E:\FYP_Project\temp_batch\File_2157.java,org.junit.rules.TestWatcherTest$InterplayWithOtherRules$ExpectedExceptionTest,innerclass,5,5,0,5,1,1,0,2,0,0.5,NaN,NaN,1,0,1,0,0,0,1,0,0,0,2,0,2,0,0,0,2,0,0,8,0,0,0,0,0,1,0,2,0,2,0,0,0,0,14,9,0
E:\FYP_Project\temp_batch\File_901.java,org.junit.rules.Stopwatch$InternalWatcher,innerclass,4,4,0,4,5,2,0,7,10,0.0,0.0,0.0,5,0,0,0,5,0,5,0,0,0,0,0,0,0,0,0,0,0,0,20,0,0,0,0,0,0,0,0,0,0,0,0,0,0,16,2,0
E:\FYP_Project\temp_batch\File_2155.java,org.junit.rules.MethodRulesTest$CustomTestName$Anonymous6,anonymous,0,0,0,0,1,1,0,2,0,0.0,NaN,NaN,1,0,1,0,0,0,1,0,0,0,0,0,0,0,0,0,0,0,0,6,0,0,0,0,0,0,0,1,0,0,0,0,0,0,3,-1,0
E:\FYP_Project\temp_batch\File_2155.java,org.junit.rules.MethodRulesTest$WatchmanTest,innerclass,5,5,0,5,2,1,0,1,1,1.0,0.0,0.0,2,0,2,0,0,0,2,0,0,0,2,1,1,1,0,0,0,0,1,17,0,0,0,0,0,0,0,1,0,2,0,1,0,0,10,9,0
E:\FYP_Project\temp_batch\File_2157.java,org.junit.rules.TestWatcherTest$CallbackArguments$Finished,innerclass,5,5,0,5,1,1,0,0,0,1.0,NaN,NaN,1,0,1,0,0,0,1,0,0,0,2,1,1,1,0,0,1,0,0,11,0,0,0,0,0,0,0,1,0,2,0,1,0,0,8,9,0
E:\FYP_Project\temp_batch\File_2184.java,org.junit.tests.running.classes.ParameterizedTestTest$ProtectedParametersTest,innerclass,4,4,0,4,2,1,0,1,1,0.0,0.0,0.0,2,1,1,0,1,0,2,0,0,0,0,0,0,0,0,0,0,0,1,7,1,0,0,0,0,0,0,0,0,0,0,0,0,0,5,9,0
E:\FYP_Project\temp_batch\File_5581.java,Parameterized,class,14,14,0,14,9,1,0,12,6,0.0,NaN,NaN,4,0,1,3,0,0,1,0,0,0,0,0,0,0,0,0,0,0,0,165,0,1,3,0,0,4,2,3,1,3,3,0,2,0,241,1,0
E:\FYP_Project\temp_batch\File_5220.java,org.apache.commons.lang3.math.IEEE754rUtils,class,3,4,1,3,29,1,0,13,78,0.0,0.0,0.0,13,12,13,0,0,0,13,0,0,0,0,0,0,0,0,0,0,0,28,88,20,4,4,0,0,8,12,12,0,8,1,0,0,0,62,1,0
E:\FYP_Project\temp_batch\File_2154.java,org.junit.rules.ClassRulesTest$OrderTestRule,innerclass,4,4,0,4,2,1,0,0,1,0.5,0.0,0.0,2,0,2,0,0,0,2,0,0,0,1,0,0,1,0,0,0,0,0,15,1,0,0,0,0,0,0,1,0,1,0,1,0,0,8,10,0
E:\FYP_Project\temp_batch\File_2155.java,org.junit.rules.MethodRulesTest$ExampleTest,innerclass,4,4,0,4,1,1,0,0,0,1.0,NaN,NaN,1,0,1,0,0,0,1,0,0,0,1,0,1,0,0,0,0,0,0,5,0,0,0,0,0,0,0,1,0,1,0,0,0,0,6,9,0
E:\FYP_Project\temp_batch\File_1103.java,SynchronizedHandler,class,4,5,1,4,7,1,0,13,8,0.6,0.0,0.0,5,2,2,3,0,0,2,0,0,0,1,0,0,1,0,0,1,0,0,25,2,0,1,0,0,1,0,3,0,3,1,0,0,0,62,1,0
E:\FYP_Project\temp_batch\File_2157.java,org.junit.rules.TestWatcherTest$Callbacks$SuccessfulTest,innerclass,3,3,0,3,1,1,0,0,0,1.0,NaN,NaN,1,0,1,0,0,0,1,0,0,0,1,0,1,0,0,0,0,0,0,5,0,0,0,0,0,0,0,1,0,1,0,0,0,0,6,9,0
E:\FYP_Project\temp_batch\File_5812.java,org.apache.commons.lang3.exception.ExceptionUtilsTest,class,21,22,1,21,82,9,0,63,1365,0.76428574,0.0,0.0,70,2,2,4,0,64,66,0,0,0,6,0,0,6,0,0,0,0,7,638,4,4,0,4,0,26,233,84,0,59,2,1,4,17,120,0,0
E:\FYP_Project\temp_batch\File_719.java,org.junit.tests.listening.RunnerTest$ExampleTest,innerclass,1,1,0,1,1,2,0,0,0,0.0,NaN,NaN,1,0,1,0,0,0,1,0,0,0,0,0,0,0,0,0,0,0,0,4,0,0,0,0,0,0,0,0,0,0,0,0,0,0,5,9,0
E:\FYP_Project\temp_batch\File_2381.java,org.apache.commons.lang3.function.PredicatesTest,class,1,1,0,1,2,1,0,6,1,0.0,0.0,0.0,2,0,0,0,0,2,2,0,0,0,0,0,0,0,0,0,0,0,0,16,0,0,0,0,0,2,0,2,0,2,0,0,0,0,11,0,0
E:\FYP_Project\temp_batch\File_788.java,org.apache.commons.lang3.time.StopWatchTest,class,6,7,1,6,66,2,0,72,324,0.8121212,0.0,0.0,33,0,0,5,0,28,28,0,0,0,5,5,0,5,0,0,5,0,23,390,5,0,0,1,0,59,55,95,14,95,1,0,0,24,158,0,0
E:\FYP_Project\temp_batch\File_5276.java,EqualsBuilder,class,16,17,1,16,160,1,0,42,183,0.85034007,0.0,0.0,42,10,34,4,1,3,38,0,0,0,7,1,0,7,0,0,1,0,0,448,85,11,56,2,3,1,11,46,0,27,3,0,0,0,325,1,0
E:\FYP_Project\temp_batch\File_3865.java,org.apache.commons.lang3.concurrent.EventCountCircuitBreaker$CheckIntervalData,innerclass,1,1,0,1,5,1,0,2,2,0.5,0.0,0.0,4,0,3,0,0,1,4,0,0,0,2,0,0,2,0,0,2,0,0,17,3,0,1,0,0,0,1,2,1,2,0,0,0,0,48,26,0
E:\FYP_Project\temp_batch\File_2606.java,ConversionTest,class,1,1,0,1,3,1,0,4,3,0.0,0.0,0.0,3,0,0,0,0,3,3,0,0,0,0,0,0,0,0,0,0,0,0,12,0,0,0,0,0,3,18,0,0,0,0,0,0,2,16,0,0
E:\FYP_Project\temp_batch\File_2184.java,org.junit.tests.running.classes.ParameterizedTestTest$ParameterizedWithoutSpecialTestname,innerclass,4,4,0,4,3,1,0,1,3,0.0,0.0,0.0,3,1,3,0,0,0,3,0,0,0,0,0,0,0,0,0,0,0,1,9,1,0,0,0,0,0,2,0,0,0,0,0,0,0,9,9,0
E:\FYP_Project\temp_batch\File_2155.java,org.junit.rules.MethodRulesTest$CallsMethodReturningRuleOnlyOnce$Dummy,innerclass,4,4,0,4,1,1,0,0,0,0.0,NaN,NaN,1,0,1,0,0,0,1,0,0,0,0,0,0,0,0,0,0,0,0,10,1,0,0,0,0,0,0,0,0,0,0,1,0,0,8,10,0
E:\FYP_Project\temp_batch\File_2173.java,junit.tests.runner.TextRunnerTest,class,4,5,1,4,9,2,0,13,10,0.0,0.0,0.0,5,0,4,0,0,1,5,0,0,0,0,0,0,0,0,0,0,0,5,41,0,1,5,1,2,9,4,7,1,7,1,1,0,0,31,1,0
E:\FYP_Project\temp_batch\File_2176.java,org.junit.tests.experimental.max.MaxStarterTest$TwoUnEqualTests,innerclass,2,2,0,2,2,1,0,2,1,0.0,0.0,0.0,2,0,2,0,0,0,2,0,0,0,0,0,0,0,0,0,0,0,3,9,0,0,0,0,0,0,1,0,0,0,0,0,0,0,9,9,0
E:\FYP_Project\temp_batch\File_2547.java,TestRule,interface,1,2,1,1,1,1,80,0,0,0.0,NaN,NaN,1,0,0,0,0,1,1,0,0,0,0,0,0,0,0,0,0,0,0,3,0,0,0,0,0,0,0,0,0,0,0,0,0,0,143,1,0
E:\FYP_Project\temp_batch\File_2155.java,org.junit.rules.MethodRulesTest$PrivateRule,innerclass,4,4,0,4,1,1,0,0,0,1.0,NaN,NaN,1,0,1,0,0,0,1,0,0,0,1,0,0,1,0,0,0,0,0,5,0,0,0,0,0,0,0,1,0,1,0,0,0,0,6,9,0
E:\FYP_Project\temp_batch\File_2141.java,ComparisonFailure,class,4,5,1,4,4,1,0,2,0,0.5625,0.0,0.0,4,0,4,0,0,0,4,0,0,0,4,2,0,4,0,0,2,0,0,92,3,0,0,0,0,0,2,4,0,4,0,0,1,0,79,1,0
E:\FYP_Project\temp_batch\File_2183.java,org.junit.tests.manipulation.OrderWithTest,class,2,2,0,2,0,1,0,0,0,0.0,-1.0,-1.0,0,0,0,0,0,0,0,0,0,0,0,0,0,0,0,0,0,0,0,158,0,0,0,0,0,0,0,0,0,0,0,0,4,0,3,1,0
E:\FYP_Project\temp_batch\File_2155.java,org.junit.rules.MethodRulesTest$TestMethodRule$Anonymous1,anonymous,0,0,0,0,1,1,0,1,0,0.0,NaN,NaN,1,0,1,0,0,0,1,0,0,0,0,0,0,0,0,0,0,0,0,6,0,0,0,0,0,0,0,1,0,0,0,0,0,0,6,-1,0
E:\FYP_Project\temp_batch\File_967.java,WrongBeforeClass,innerclass,1,2,1,1,1,1,0,0,0,0.0,NaN,NaN,1,0,0,0,1,0,1,0,0,0,0,0,0,0,0,0,0,0,0,5,1,0,0,0,0,0,1,0,0,0,0,0,0,0,4,9,0
E:\FYP_Project\temp_batch\File_89.java,com.puppycrawl.tools.checkstyle.internal.utils.TestUtil,class,12,14,2,12,46,1,0,81,561,0.9705882,0.0,0.0,34,33,30,4,0,0,30,0,0,0,1,1,0,1,0,0,1,0,40,198,38,2,6,3,0,12,4,31,1,33,3,0,0,11,292,17,0
E:\FYP_Project\temp_batch\File_2154.java,org.junit.rules.ClassRulesTest$SubclassOfTestWithClassRule,innerclass,1,1,0,1,0,2,0,0,0,0.0,-1.0,-1.0,0,0,0,0,0,0,0,0,0,0,0,0,0,0,0,0,0,0,0,2,0,0,0,0,0,0,0,0,0,0,0,0,0,0,7,9,0
E:\FYP_Project\temp_batch\File_2175.java,org.junit.tests.experimental.max.JUnit38SortingTest$JUnit38Test,innerclass,1,1,0,1,3,2,0,1,3,0.0,0.0,0.0,3,0,3,0,0,0,3,0,0,0,0,0,0,0,0,0,0,0,0,9,0,0,0,0,0,0,0,0,0,0,0,0,0,0,9,9,0
E:\FYP_Project\temp_batch\File_5170.java,org.junit.rules.TestRule,interface,2,31,29,2,1,1,0,0,0,0.0,NaN,NaN,1,0,0,0,0,1,1,0,0,0,0,0,0,0,0,0,0,0,0,3,0,0,0,0,0,0,0,0,0,0,0,0,0,0,143,1,0
E:\FYP_Project\temp_batch\File_2176.java,org.junit.tests.experimental.max.MaxStarterTest$HalfMalformedJUnit38TestMethod,innerclass,1,1,0,1,2,2,0,0,1,0.0,NaN,NaN,2,0,1,1,0,0,1,0,0,0,0,0,0,0,0,0,0,0,0,6,0,0,0,0,0,1,0,0,0,0,0,0,0,0,10,9,0
E:\FYP_Project\temp_batch\File_958.java,TestSuite$Anonymous1,anonymous,1,1,0,1,1,1,0,1,0,0.0,NaN,NaN,1,0,0,0,1,0,1,0,0,0,0,0,0,0,0,0,0,0,0,5,0,0,0,0,0,0,0,0,0,0,0,0,0,0,4,-1,0
E:\FYP_Project\temp_batch\File_690.java,AssumptionFailedTest,innerclass,1,2,1,1,1,1,0,1,0,0.0,NaN,NaN,1,0,1,0,0,0,1,0,0,0,0,0,0,0,0,0,0,0,0,5,0,0,0,0,0,0,0,0,0,0,0,0,0,0,6,9,0
E:\FYP_Project\temp_batch\File_2155.java,org.junit.rules.MethodRulesTest$SonOfWrongTypedField,innerclass,1,1,0,1,0,2,0,0,0,0.0,-1.0,-1.0,0,0,0,0,0,0,0,0,0,0,0,0,0,0,0,0,0,0,0,2,0,0,0,0,0,0,0,0,0,0,0,0,0,0,5,9,0
E:\FYP_Project\temp_batch\File_2181.java,org.junit.tests.junit3compatibility.ForwardCompatibilityTest$ExceptionInBeforeTest,innerclass,2,2,0,2,2,1,0,0,1,0.0,0.0,0.0,2,0,2,0,0,0,2,0,0,0,0,0,0,0,0,0,0,0,0,7,0,0,0,0,0,0,0,0,0,0,0,0,0,0,7,9,0
E:\FYP_Project\temp_batch\File_2155.java,org.junit.rules.MethodRulesTest$WrongTypedField,innerclass,2,2,0,2,1,1,0,0,0,1.0,NaN,NaN,1,0,1,0,0,0,1,0,0,0,1,0,1,0,0,0,0,0,0,5,0,0,0,0,0,0,1,1,0,1,0,0,0,0,5,9,0
E:\FYP_Project\temp_batch\File_3332.java,com.puppycrawl.tools.checkstyle.filters.suppresswithplaintextcommentfilter.Example7,class,0,0,0,0,0,1,0,0,0,0.0,-1.0,-1.0,0,0,0,0,0,0,0,0,0,0,0,0,0,0,0,0,0,0,0,2,0,0,0,0,0,0,0,0,0,0,0,0,0,0,1,1,0
E:\FYP_Project\temp_batch\File_2190.java,Record,innerclass,2,4,2,2,4,1,0,1,1,0.5555556,0.0,0.0,3,0,0,0,0,3,3,0,0,0,3,0,0,0,0,3,3,0,0,16,0,0,1,0,0,0,1,3,0,3,0,0,0,0,9,10,0
E:\FYP_Project\temp_batch\File_5224.java,org.apache.commons.lang3.text.StrLookup,class,4,7,3,4,5,3,0,0,10,0.8,0.0,0.0,5,3,4,0,1,0,5,1,0,0,2,2,0,2,0,0,2,0,0,33,3,0,0,0,0,0,0,2,0,2,0,0,2,0,142,1025,0
E:\FYP_Project\temp_batch\File_2155.java,org.junit.rules.MethodRulesTest$UsesCustomMethodRule,innerclass,4,4,0,4,1,1,0,1,0,0.0,NaN,NaN,1,0,1,0,0,0,1,0,0,0,1,0,1,0,0,0,0,0,1,6,0,0,0,0,0,1,0,1,0,1,0,0,0,0,10,9,0
E:\FYP_Project\temp_batch\File_2175.java,org.junit.tests.experimental.max.JUnit38SortingTest,class,10,10,0,10,4,2,0,9,0,0.33333334,0.0,0.0,3,0,3,0,0,0,3,0,0,0,2,0,0,2,0,0,0,0,1,34,0,0,0,0,0,2,1,5,0,5,1,0,2,0,21,1,0
E:\FYP_Project\temp_batch\File_2184.java,org.junit.tests.running.classes.ParameterizedTestTest$UseParameterizedFactoryTest,innerclass,2,2,0,2,2,2,0,0,1,0.0,0.0,0.0,2,0,2,0,0,0,2,0,0,0,0,0,0,0,0,0,0,0,0,6,0,0,0,0,0,0,0,0,0,0,0,0,0,0,7,9,0
E:\FYP_Project\temp_batch\File_2190.java,DurationDuringTestTest,innerclass,2,3,1,2,1,1,0,3,0,0.0,NaN,NaN,1,0,1,0,0,0,1,0,0,0,0,0,0,0,0,0,0,0,0,8,0,0,0,0,0,0,4,0,0,0,0,0,0,0,22,9,0
E:\FYP_Project\temp_batch\File_2539.java,com.puppycrawl.tools.checkstyle.grammar.InputJava7TryWithResources$MyResource,innerclass,0,0,0,0,1,1,0,0,0,0.0,NaN,NaN,1,0,1,0,0,0,1,0,0,0,0,0,0,0,0,0,0,0,0,4,0,0,0,0,0,0,0,0,0,0,0,0,0,0,6,9,0
E:\FYP_Project\temp_batch\File_4075.java,org.junit.rules.StopwatchTest$Record,innerclass,2,2,0,2,4,1,0,1,1,0.5555556,0.0,0.0,3,0,0,0,0,3,3,0,0,0,3,0,0,0,0,3,3,0,0,16,0,0,1,0,0,0,1,3,0,3,0,0,0,0,9,10,0
E:\FYP_Project\temp_batch\File_3868.java,org.apache.commons.lang3.exception.ContextedRuntimeExceptionTest$Anonymous1,anonymous,0,0,0,0,0,1,0,0,0,NaN,-1.0,-1.0,0,0,0,0,0,0,0,0,0,0,1,1,0,1,0,0,1,0,0,3,0,0,0,0,0,0,1,1,0,1,0,0,0,0,7,-1,0
E:\FYP_Project\temp_batch\File_5235.java,FormatFactory,interface,2,2,0,2,1,1,0,0,0,0.0,NaN,NaN,1,0,0,0,0,1,1,0,0,0,0,0,0,0,0,0,0,0,0,3,0,0,0,0,0,0,0,0,0,0,0,0,0,0,42,1,0
E:\FYP_Project\temp_batch\File_981.java,InternalWatcher,innerclass,2,3,1,2,5,1,0,7,10,0.0,0.0,0.0,5,0,0,0,5,0,5,0,0,0,0,0,0,0,0,0,0,0,0,20,0,0,0,0,0,0,0,0,0,0,0,0,0,0,16,2,0
E:\FYP_Project\temp_batch\File_2184.java,org.junit.tests.running.classes.ParameterizedTestTest$IncorrectTest,innerclass,4,4,0,4,2,1,0,1,1,0.0,0.0,0.0,2,1,2,0,0,0,2,0,0,0,0,0,0,0,0,0,0,0,1,8,2,0,0,0,0,0,2,0,0,0,0,0,0,0,4,9,0
E:\FYP_Project\temp_batch\File_907.java,org.junit.tests.validation.ValidationTest$WrongBeforeClass,innerclass,1,1,0,1,1,1,0,0,0,0.0,NaN,NaN,1,0,0,0,1,0,1,0,0,0,0,0,0,0,0,0,0,0,0,5,1,0,0,0,0,0,1,0,0,0,0,0,0,0,4,9,0
E:\FYP_Project\temp_batch\File_4075.java,org.junit.rules.StopwatchTest$FailedTest,innerclass,3,3,0,3,1,2,0,1,0,0.0,NaN,NaN,1,0,1,0,0,0,1,0,0,0,0,0,0,0,0,0,0,0,1,5,0,0,0,0,0,0,0,0,0,0,0,0,0,0,6,9,0
E:\FYP_Project\temp_batch\File_2154.java,org.junit.rules.ClassRulesTest$ClassRulesModifiableList,innerclass,6,6,0,6,2,1,0,1,1,0.0,0.0,0.0,2,1,2,0,0,0,2,0,0,0,0,0,0,0,0,0,0,0,0,8,1,0,0,0,0,2,0,0,0,0,0,0,0,0,9,9,0
E:\FYP_Project\temp_batch\File_2190.java,SkippedTest,innerclass,2,3,1,2,1,1,0,1,0,0.0,NaN,NaN,1,0,1,0,0,0,1,0,0,0,0,0,0,0,0,0,0,0,0,5,0,0,0,0,0,0,0,0,0,0,0,0,0,0,8,9,0
E:\FYP_Project\temp_batch\File_2542.java,InputJava7TryWithResources,class,3,3,0,3,8,1,0,0,0,0.0,NaN,NaN,1,1,1,0,0,0,1,0,0,0,0,0,0,0,0,0,0,0,0,44,0,0,0,7,0,1,0,9,0,9,1,0,1,0,17,1,0
E:\FYP_Project\temp_batch\File_2154.java,org.junit.rules.ClassRulesTest$MethodSubclassOfTestWithClassRule,innerclass,1,1,0,1,0,2,0,0,0,0.0,-1.0,-1.0,0,0,0,0,0,0,0,0,0,0,0,0,0,0,0,0,0,0,0,2,0,0,0,0,0,0,0,0,0,0,0,0,0,0,8,9,0
E:\FYP_Project\temp_batch\File_2169.java,junit.tests.framework.InheritedTestCase,class,1,1,0,1,1,2,0,0,0,0.0,NaN,NaN,1,0,1,0,0,0,1,0,0,0,0,0,0,0,0,0,0,0,0,4,0,0,0,0,0,0,0,0,0,0,0,0,0,0,8,1,0
E:\FYP_Project\temp_batch\File_719.java,org.junit.tests.listening.RunnerTest$MyListener,innerclass,2,2,0,2,1,2,0,1,0,0.0,NaN,NaN,1,0,1,0,0,0,1,0,0,0,1,0,0,0,0,1,0,0,0,6,0,0,0,0,0,0,0,1,0,1,0,0,0,0,8,1,0
E:\FYP_Project\temp_batch\File_2183.java,org.junit.tests.manipulation.OrderWithTest$UnOrderableRunnersAreHandledWithoutCrashing$UnOrderableRunner,innerclass,3,3,0,3,3,2,0,0,3,0.0,0.0,0.0,3,0,3,0,0,0,3,0,0,0,0,0,0,0,0,0,0,0,0,9,1,0,0,0,0,0,0,0,0,0,0,0,0,0,10,9,0
E:\FYP_Project\temp_batch\File_2154.java,org.junit.rules.ClassRulesTest$CallMethodOnlyOnceRule$Dummy$Anonymous3,anonymous,0,0,0,0,1,1,0,1,0,0.0,NaN,NaN,1,0,1,0,0,0,1,0,0,0,0,0,0,0,0,0,0,0,0,5,0,0,0,0,0,0,0,0,0,0,0,0,0,0,2,-1,0
E:\FYP_Project\temp_batch\File_3880.java,NumericEntityUnescaper,class,5,5,0,5,22,1,0,13,1,0.33333334,0.0,0.0,3,0,3,0,0,0,3,0,0,0,1,0,0,1,0,0,1,0,0,68,6,1,8,1,2,1,18,12,7,9,3,0,1,0,120,1,0
E:\FYP_Project\temp_batch\File_2190.java,FailedTest,innerclass,2,3,1,2,1,1,0,1,0,0.0,NaN,NaN,1,0,1,0,0,0,1,0,0,0,0,0,0,0,0,0,0,0,0,5,0,0,0,0,0,0,0,0,0,0,0,0,0,0,6,9,0
E:\FYP_Project\temp_batch\File_2181.java,org.junit.tests.junit3compatibility.ForwardCompatibilityTest$NoTests,innerclass,2,2,0,2,0,1,0,0,0,0.0,-1.0,-1.0,0,0,0,0,0,0,0,0,0,0,0,0,0,0,0,0,0,0,0,2,0,0,0,0,0,0,0,0,0,0,0,0,0,0,2,9,0
E:\FYP_Project\temp_batch\File_3885.java,org.apache.commons.lang3.time.DurationFormatUtilsTest,class,7,8,1,7,45,2,0,53,664,0.9459459,0.0,0.0,37,0,0,4,0,33,33,0,0,0,1,1,0,1,0,0,1,0,33,457,1,7,1,0,0,353,779,105,61,48,3,0,0,10,172,0,0
E:\FYP_Project\temp_batch\File_975.java,Assert,class,10,10,0,10,107,1,0,40,2485,0.0,0.0,0.0,71,70,56,13,1,1,58,0,0,0,0,0,0,0,0,0,0,0,0,318,19,0,21,1,2,36,3,25,19,17,3,0,0,0,223,1,0
E:\FYP_Project\temp_batch\File_887.java,org.apache.commons.lang3.tuple.Pair,class,7,9,2,7,18,1,0,15,120,0.96875,0.0,0.0,16,4,16,0,0,0,16,2,1,0,2,2,1,1,0,0,2,0,5,54,14,0,1,0,0,2,1,3,1,3,1,0,0,0,171,1025,0
E:\FYP_Project\temp_batch\File_2138.java,org.junit.ComparisonFailure$ComparisonCompactor,innerclass,2,2,0,2,11,1,0,11,0,0.625,0.0,0.0,4,0,2,2,0,0,2,0,0,0,6,3,0,6,0,0,6,0,4,72,5,2,4,0,0,3,7,13,8,13,2,0,1,0,54,10,0
E:\FYP_Project\temp_batch\File_2183.java,org.junit.tests.manipulation.OrderWithTest$TestClassRunnerIsSortableViaOrderWith$Unordered,innerclass,1,1,0,1,3,1,0,0,3,0.0,0.0,0.0,3,0,3,0,0,0,3,0,0,0,0,0,0,0,0,0,0,0,0,11,0,0,0,0,0,3,0,3,0,0,0,0,0,0,5,9,0
E:\FYP_Project\temp_batch\File_5239.java,org.apache.commons.lang3.text.translate.OctalUnescaper,class,2,3,1,2,13,2,0,9,3,0.0,0.0,0.0,3,0,2,1,0,0,2,0,0,0,0,0,0,0,0,0,0,0,1,26,3,0,1,0,0,0,11,5,6,5,3,0,0,0,78,1,0
E:\FYP_Project\temp_batch\File_2183.java,org.junit.tests.manipulation.OrderWithTest$TestClassRunnerIsOrderableViaOrderWith$SuiteOrderedAlphanumerically,innerclass,3,3,0,3,0,2,0,0,0,0.0,-1.0,-1.0,0,0,0,0,0,0,0,0,0,0,0,0,0,0,0,0,0,0,0,2,0,0,0,0,0,0,0,0,0,0,0,0,0,0,4,9,0
E:\FYP_Project\temp_batch\File_2539.java,com.puppycrawl.tools.checkstyle.grammar.InputJava7TryWithResources,class,1,1,0,1,8,1,0,0,0,0.0,NaN,NaN,1,1,1,0,0,0,1,0,0,0,0,0,0,0,0,0,0,0,0,44,0,0,0,7,0,1,0,9,0,9,1,0,1,0,17,1,0
E:\FYP_Project\temp_batch\File_2155.java,org.junit.rules.MethodRulesTest$HasMultipleMethodsReturningMethodRule,innerclass,3,3,0,3,3,1,0,0,3,0.0,0.0,0.0,3,0,3,0,0,0,3,0,0,0,0,0,0,0,0,0,0,0,0,10,2,0,0,0,0,0,0,0,0,0,0,0,0,0,12,9,0
E:\FYP_Project\temp_batch\File_2184.java,org.junit.tests.running.classes.ParameterizedTestTest$ParametersNotIterable,innerclass,4,4,0,4,2,1,0,0,1,0.0,0.0,0.0,2,1,2,0,0,0,2,0,0,0,0,0,0,0,0,0,0,0,0,7,1,0,0,0,0,1,0,0,0,0,0,0,0,0,6,9,0
E:\FYP_Project\temp_batch\File_2157.java,org.junit.rules.TestWatcherTest$Callbacks$NoOpRule,innerclass,3,3,0,3,1,1,0,0,0,0.0,NaN,NaN,1,0,1,0,0,0,1,0,0,0,0,0,0,0,0,0,0,0,0,5,1,0,0,0,0,0,0,0,0,0,0,0,0,0,9,10,0
E:\FYP_Project\temp_batch\File_2155.java,org.junit.rules.MethodRulesTest$SonOfNonPublicExampleTest,innerclass,1,1,0,1,0,2,0,0,0,0.0,-1.0,-1.0,0,0,0,0,0,0,0,0,0,0,0,0,0,0,0,0,0,0,0,2,0,0,0,0,0,0,0,0,0,0,0,0,0,0,6,9,0
E:\FYP_Project\temp_batch\File_659.java,junit.tests.runner.ResultTest,class,11,12,1,11,14,3,0,25,49,0.72727275,0.0,0.0,11,0,8,3,0,0,8,0,0,0,1,0,0,1,0,0,0,0,1,120,0,1,1,1,0,11,1,30,4,30,2,0,3,0,66,1,0
E:\FYP_Project\temp_batch\File_2183.java,org.junit.tests.manipulation.OrderWithTest$TestClassRunnerIsSortableViaOrderWith$SortedReverseAlphanumerically,innerclass,3,3,0,3,0,2,0,0,0,0.0,-1.0,-1.0,0,0,0,0,0,0,0,0,0,0,0,0,0,0,0,0,0,0,0,2,0,0,0,0,0,0,0,0,0,0,0,0,0,0,4,9,0
E:\FYP_Project\temp_batch\File_2184.java,org.junit.tests.running.classes.ParameterizedTestTest$OneShotIterable,innerclass,1,1,0,1,3,1,0,2,0,0.25,0.0,0.0,2,0,1,0,0,1,2,0,0,0,2,0,0,2,0,0,2,0,0,13,1,0,0,0,0,1,0,2,0,2,1,0,0,0,15,10,0
E:\FYP_Project\temp_batch\File_3158.java,com.puppycrawl.tools.checkstyle.meta.ModuleType,enum,0,1,1,0,2,1,0,0,0,0.0,0.0,0.0,2,0,1,0,0,1,2,0,0,0,1,0,0,1,0,0,1,0,0,12,1,0,0,0,0,3,0,1,0,1,0,0,0,0,33,1,0
E:\FYP_Project\temp_batch\File_2155.java,org.junit.rules.MethodRulesTest,class,20,20,0,20,15,4,0,10,85,0.8,0.0,0.0,15,0,15,0,0,0,15,0,0,0,3,3,0,3,0,0,0,0,7,247,0,0,0,0,0,11,6,9,0,3,0,0,19,0,93,1,0
E:\FYP_Project\temp_batch\File_2526.java,com.puppycrawl.tools.checkstyle.DefinitionsTest,class,3,3,0,3,1,1,0,4,0,0.0,NaN,NaN,1,0,1,0,0,0,1,0,0,0,0,0,0,0,0,0,0,0,1,5,0,0,0,0,0,1,0,0,0,0,0,0,0,0,18,1,0
E:\FYP_Project\temp_batch\File_4075.java,org.junit.rules.StopwatchTest$AbstractStopwatchTest$Anonymous2,anonymous,4,4,0,4,4,1,0,1,6,0.0,0.0,0.0,4,0,0,0,4,0,4,0,0,0,0,0,0,0,0,0,0,0,3,17,0,0,0,0,0,0,3,4,0,0,0,0,0,0,14,-1,0
E:\FYP_Project\temp_batch\File_4075.java,org.junit.rules.StopwatchTest$AbstractStopwatchTest$Anonymous3,anonymous,2,2,0,2,1,1,0,1,0,0.0,NaN,NaN,1,0,0,0,1,0,1,0,0,0,0,0,0,0,0,0,0,0,0,5,0,0,0,0,0,0,0,0,0,0,0,0,0,0,6,-1,0
E:\FYP_Project\temp_batch\File_2151.java,org.junit.internal.runners.statements.FailOnTimeoutTest$DelegatingStatement,innerclass,1,1,0,1,1,2,0,1,0,0.0,NaN,NaN,1,0,1,0,0,0,1,0,0,0,1,0,0,0,0,1,0,0,0,6,0,0,0,0,0,0,0,0,0,1,0,0,0,0,5,10,0
E:\FYP_Project\temp_batch\File_4075.java,org.junit.rules.StopwatchTest$AbstractStopwatchTest$Anonymous1,anonymous,0,0,0,0,1,1,0,0,0,0.0,NaN,NaN,1,0,1,0,0,0,1,0,0,0,0,0,0,0,0,0,0,0,0,5,1,0,0,0,0,0,0,0,0,0,0,0,0,0,4,-1,0
E:\FYP_Project\temp_batch\File_2143.java,org.junit.experimental.results.FailureList,class,3,3,0,3,4,1,0,2,0,0.0,0.0,0.0,2,0,2,0,0,0,2,0,0,0,1,0,0,1,0,0,1,0,0,19,1,1,0,1,0,1,0,3,0,3,2,0,0,0,13,0,0
E:\FYP_Project\temp_batch\File_2181.java,org.junit.tests.junit3compatibility.ForwardCompatibilityTest$UnExpectedExceptionTest,innerclass,1,1,0,1,1,1,0,0,0,0.0,NaN,NaN,1,0,1,0,0,0,1,0,0,0,0,0,0,0,0,0,0,0,0,5,0,0,0,0,0,0,0,0,0,0,0,0,0,0,6,9,0
E:\FYP_Project\temp_batch\File_3857.java,org.apache.commons.lang3.CharSetTest,class,4,4,0,4,15,2,0,18,105,0.0,0.0,0.0,15,0,0,0,0,15,15,0,0,0,0,0,0,0,0,0,0,0,2,355,0,0,0,0,0,88,44,104,0,32,0,0,0,0,55,0,0
E:\FYP_Project\temp_batch\File_3867.java,org.apache.commons.lang3.exception.ContextedExceptionTest,class,6,6,0,6,9,2,0,13,36,0.0,0.0,0.0,9,0,1,0,0,8,9,0,0,0,0,0,0,0,0,0,0,0,1,60,0,0,0,0,0,13,1,19,1,10,0,0,0,0,40,0,0
E:\FYP_Project\temp_batch\File_2155.java,org.junit.rules.MethodRulesTest$WatchmanTest$Anonymous4,anonymous,1,1,0,1,2,1,0,3,1,0.0,0.0,0.0,2,0,2,0,0,0,2,0,0,0,0,0,0,0,0,0,0,0,0,8,0,0,0,0,0,4,0,2,2,0,0,0,0,0,8,-1,0
E:\FYP_Project\temp_batch\File_3866.java,org.apache.commons.lang3.concurrent.ConstantInitializerTest,class,5,6,1,5,13,2,0,17,0,0.3,0.0,0.0,10,0,1,1,0,8,9,0,0,0,2,1,0,2,0,0,1,0,2,55,0,0,1,0,0,14,3,10,4,7,2,0,0,0,80,0,0
E:\FYP_Project\temp_batch\File_659.java,junit.tests.runner.ResultTest$SerializationFormat,enum,0,0,0,0,0,1,0,0,0,0.0,-1.0,-1.0,0,0,0,0,0,0,0,0,0,0,0,0,0,0,0,0,0,0,0,1,0,0,0,0,0,0,0,0,0,0,0,0,0,0,5,2,0
E:\FYP_Project\temp_batch\File_2396.java,PredicatesTest,class,3,3,0,3,2,1,0,5,1,0.0,0.0,0.0,2,0,0,0,0,2,2,0,0,0,0,0,0,0,0,0,0,0,0,16,0,0,0,0,0,2,0,2,0,2,0,0,0,0,11,0,0
E:\FYP_Project\temp_batch\File_2155.java,org.junit.rules.MethodRulesTest$NonPublicExampleTest,innerclass,4,4,0,4,1,1,0,0,0,1.0,NaN,NaN,1,0,1,0,0,0,1,0,0,0,1,0,1,0,0,0,0,0,0,5,0,0,0,0,0,0,0,1,0,1,0,0,0,0,8,1032,0
E:\FYP_Project\temp_batch\File_2154.java,org.junit.rules.ClassRulesTest$ExampleTestWithClassRule,innerclass,4,4,0,4,2,1,0,1,0,0.0,0.0,0.0,2,0,2,0,0,0,2,0,0,0,1,1,1,0,0,0,0,0,2,9,0,0,0,0,0,0,2,1,0,1,0,0,0,0,11,9,0
E:\FYP_Project\temp_batch\File_2184.java,org.junit.tests.running.classes.ParameterizedTestTest$ExceptionThrowingRunnerFactory,innerclass,4,4,0,4,1,1,0,0,0,0.0,NaN,NaN,1,0,1,0,0,0,1,0,0,0,0,0,0,0,0,0,0,0,0,5,0,0,0,0,0,1,0,0,0,0,0,0,0,0,12,9,0
E:\FYP_Project\temp_batch\File_2174.java,org.junit.tests.experimental.AssumptionTest$HasAssumeWithMessage,innerclass,1,1,0,1,1,1,0,1,0,0.0,NaN,NaN,1,0,1,0,0,0,1,0,0,0,0,0,0,0,0,0,0,0,0,5,0,0,0,0,0,0,0,0,0,0,0,0,0,0,8,9,0
E:\FYP_Project\temp_batch\File_2155.java,org.junit.rules.MethodRulesTest$BeforesAndAfters$Anonymous5,anonymous,1,1,0,1,3,1,0,0,3,0.0,0.0,0.0,3,0,3,0,0,0,3,0,0,0,0,0,0,0,0,0,0,0,0,11,0,0,0,0,0,3,0,3,0,0,0,0,0,0,8,-1,0
E:\FYP_Project\temp_batch\File_2155.java,org.junit.rules.MethodRulesTest$HasMethodReturningMethodRule$Anonymous7,anonymous,3,3,0,3,1,1,0,0,0,0.0,NaN,NaN,1,0,1,0,0,0,1,0,0,0,0,0,0,0,0,0,0,0,0,11,1,0,0,0,0,0,0,0,0,0,0,1,0,0,6,-1,0
E:\FYP_Project\temp_batch\File_2183.java,org.junit.tests.manipulation.OrderWithTest$TestClassRunnerIsSortableViaOrderWith$SortedAlphanumerically,innerclass,3,3,0,3,0,2,0,0,0,0.0,-1.0,-1.0,0,0,0,0,0,0,0,0,0,0,0,0,0,0,0,0,0,0,0,2,0,0,0,0,0,0,0,0,0,0,0,0,0,0,3,9,0
E:\FYP_Project\temp_batch\File_5812.java,org.apache.commons.lang3.exception.ExceptionUtilsTest$TestThrowable,innerclass,0,0,0,0,0,2,0,0,0,NaN,-1.0,-1.0,0,0,0,0,0,0,0,0,0,0,1,1,0,1,0,0,1,0,0,3,0,0,0,0,0,0,1,1,0,1,0,0,0,0,9,9,0
E:\FYP_Project\temp_batch\File_992.java,Context,interface,2,2,0,2,2,1,0,0,1,0.0,0.0,0.0,2,0,0,0,0,2,2,0,0,0,0,0,0,0,0,0,0,0,0,4,0,0,0,0,0,0,0,0,0,0,0,0,0,0,34,1,0
E:\FYP_Project\temp_batch\File_2177.java,org.junit.tests.experimental.parallel.AllParallelTests,class,5,5,0,5,0,1,0,0,0,0.0,-1.0,-1.0,0,0,0,0,0,0,0,0,0,0,0,0,0,0,0,0,0,0,0,2,0,0,0,0,0,0,0,0,0,0,0,0,0,0,3,1,0
E:\FYP_Project\temp_batch\File_2157.java,org.junit.rules.TestWatcherTest$CallbackArguments,innerclass,9,9,0,9,6,1,0,7,15,0.0,0.0,0.0,6,0,6,0,0,0,6,0,0,0,0,0,0,0,0,0,0,0,12,107,0,0,0,0,0,9,0,0,0,0,0,0,6,0,11,9,0
E:\FYP_Project\temp_batch\File_911.java,org.apache.commons.lang3.SystemUtils,class,2,4,2,2,35,1,0,62,239,0.99464875,0.0,0.0,23,22,16,3,0,4,20,0,0,0,130,130,128,1,0,1,130,0,92,225,28,1,7,1,0,108,1,134,14,134,2,0,0,1,309,1,0
E:\FYP_Project\temp_batch\File_3145.java,com.puppycrawl.tools.checkstyle.checks.imports.AccessResult,enum,0,0,0,0,0,1,0,0,0,0.0,-1.0,-1.0,0,0,0,0,0,0,0,0,0,0,0,0,0,0,0,0,0,0,0,4,0,0,0,0,0,0,0,0,0,0,0,0,0,0,16,0,0
E:\FYP_Project\temp_batch\File_2174.java,org.junit.tests.experimental.AssumptionTest$Anonymous1,anonymous,1,1,0,1,1,1,0,0,0,0.0,NaN,NaN,1,0,1,0,0,0,1,0,0,0,0,0,0,0,0,0,0,0,0,5,0,0,0,0,0,0,0,0,0,0,0,0,0,0,6,-1,0
E:\FYP_Project\temp_batch\File_5277.java,ReflectionToStringBuilder,class,13,14,1,13,59,1,0,47,523,0.8857143,0.0,0.0,35,12,29,1,3,2,34,0,0,0,6,0,0,4,2,0,0,0,0,189,32,2,11,1,0,2,3,14,0,11,4,0,0,0,268,1,0
E:\FYP_Project\temp_batch\File_2174.java,org.junit.tests.experimental.AssumptionTest$Anonymous2,anonymous,1,1,0,1,1,1,0,1,0,0.0,NaN,NaN,1,0,1,0,0,0,1,0,0,0,0,0,0,0,0,0,0,0,0,5,0,0,0,0,0,0,0,0,0,0,0,0,0,0,4,-1,0
E:\FYP_Project\temp_batch\File_5238.java,org.apache.commons.lang3.text.translate.NumericEntityUnescaper$OPTION,enum,0,0,0,0,0,1,0,0,0,0.0,-1.0,-1.0,0,0,0,0,0,0,0,0,0,0,0,0,0,0,0,0,0,0,0,4,0,0,0,0,0,0,0,0,0,0,0,0,0,0,42,1,0
E:\FYP_Project\temp_batch\File_2155.java,org.junit.rules.MethodRulesTest$HasMethodReturningMethodRule,innerclass,3,3,0,3,2,1,0,0,1,0.5,0.0,0.0,2,0,2,0,0,0,2,0,0,0,1,0,0,1,0,0,0,0,0,19,1,0,0,0,0,0,0,1,0,1,0,1,0,0,7,9,0
E:\FYP_Project\temp_batch\File_2157.java,org.junit.rules.TestWatcherTest$CallbackArguments$Starting$Anonymous5,anonymous,1,1,0,1,1,1,0,0,0,0.0,NaN,NaN,1,0,0,0,1,0,1,0,0,0,0,0,0,0,0,0,0,0,0,5,0,0,0,0,0,0,0,1,0,0,0,0,0,0,4,-1,0
E:\FYP_Project\temp_batch\File_2155.java,org.junit.rules.MethodRulesTest$CallsMethodReturningRuleOnlyOnce,innerclass,5,5,0,5,2,1,0,1,0,0.0,0.0,0.0,2,0,2,0,0,0,2,0,0,0,1,0,0,0,0,1,0,0,1,20,1,0,0,0,0,0,2,1,0,1,0,0,1,0,14,9,0
E:\FYP_Project\temp_batch\File_2154.java,org.junit.rules.ClassRulesTest$ClassRuleOrdering,innerclass,5,5,0,5,4,1,0,1,6,0.0,0.0,0.0,4,2,4,0,0,0,4,0,0,0,0,0,0,0,0,0,0,0,0,14,2,0,0,0,0,4,2,0,0,0,0,0,0,0,10,9,0
E:\FYP_Project\temp_batch\File_2190.java,DurationAfterTestTest,innerclass,3,4,1,3,2,1,0,3,1,0.0,0.0,0.0,2,0,1,0,1,0,2,0,0,0,0,0,0,0,0,0,0,0,0,11,0,0,0,0,0,0,5,0,0,0,0,0,0,0,24,9,0
E:\FYP_Project\temp_batch\File_766.java,com.puppycrawl.tools.checkstyle.checks.indentation.IndexHandler,class,3,4,1,3,2,2,0,0,1,0.0,0.0,0.0,2,0,2,0,0,0,2,0,0,0,0,0,0,0,0,0,0,0,0,7,0,0,0,0,0,1,0,0,0,0,0,0,0,0,28,1,0
E:\FYP_Project\temp_batch\File_2157.java,org.junit.rules.TestWatcherTest$CallbackArguments$Starting,innerclass,5,5,0,5,1,1,0,0,0,1.0,NaN,NaN,1,0,1,0,0,0,1,0,0,0,2,1,1,1,0,0,1,0,0,11,0,0,0,0,0,0,0,1,0,2,0,1,0,0,8,9,0
E:\FYP_Project\temp_batch\File_719.java,org.junit.tests.listening.RunnerTest,class,9,9,0,9,3,3,0,4,3,0.6666667,0.0,0.0,3,0,3,0,0,0,3,0,0,0,1,0,0,1,0,0,0,0,3,48,0,0,0,0,0,0,2,7,0,7,0,1,4,0,20,1,0
E:\FYP_Project\temp_batch\File_2190.java,TestStatus,enum,0,1,1,0,0,1,0,0,0,0.0,-1.0,-1.0,0,0,0,0,0,0,0,0,0,0,0,0,0,0,0,0,0,0,0,1,0,0,0,0,0,0,0,0,0,0,0,0,0,0,9,10,0
E:\FYP_Project\temp_batch\File_2190.java,AbstractStopwatchTest$Anonymous2,anonymous,2,2,0,2,4,1,0,1,6,0.0,0.0,0.0,4,0,0,0,4,0,4,0,0,0,0,0,0,0,0,0,0,0,0,17,0,0,0,0,0,0,3,4,0,0,0,0,0,0,14,-1,0
E:\FYP_Project\temp_batch\File_2190.java,AbstractStopwatchTest$Anonymous3,anonymous,1,1,0,1,1,1,0,1,0,0.0,NaN,NaN,1,0,0,0,1,0,1,0,0,0,0,0,0,0,0,0,0,0,0,5,0,0,0,0,0,0,0,0,0,0,0,0,0,0,6,-1,0
E:\FYP_Project\temp_batch\File_5232.java,IEEE754rUtils,class,1,1,0,1,29,1,0,5,78,0.0,0.0,0.0,13,12,13,0,0,0,13,0,0,0,0,0,0,0,0,0,0,0,0,88,20,4,4,0,0,8,12,12,0,8,1,0,0,0,62,1,0
E:\FYP_Project\temp_batch\File_2190.java,AbstractStopwatchTest$Anonymous1,anonymous,1,1,0,1,1,1,0,0,0,0.0,NaN,NaN,1,0,1,0,0,0,1,0,0,0,0,0,0,0,0,0,0,0,0,5,1,0,0,0,0,0,0,0,0,0,0,0,0,0,4,-1,0
E:\FYP_Project\temp_batch\File_2188.java,org.apache.commons.lang3.LongRangeTest,class,6,7,1,6,33,2,0,31,0,0.6953125,0.0,0.0,32,2,1,2,0,29,30,0,0,0,4,0,0,4,0,0,0,0,36,254,2,0,1,1,0,17,209,12,2,13,1,0,0,6,76,0,0
E:\FYP_Project\temp_batch\File_2471.java,junit.tests.framework.OverrideTestCase,class,1,1,0,1,1,2,0,0,0,0.0,NaN,NaN,1,0,1,0,0,0,1,0,0,0,0,0,0,0,0,0,0,0,0,4,0,0,0,0,0,0,0,0,0,0,0,0,0,0,8,1,0
E:\FYP_Project\temp_batch\File_61.java,HandlerFactory,class,37,37,0,37,12,1,0,14,3,0.5,0.0,0.0,7,0,5,2,0,0,5,0,0,0,2,0,0,2,0,0,2,0,0,92,4,2,3,0,0,0,1,17,0,12,1,0,0,0,79,1,0
E:\FYP_Project\temp_batch\File_2155.java,org.junit.rules.MethodRulesTest$Increment,innerclass,4,4,0,4,1,1,0,0,0,0.0,NaN,NaN,1,0,1,0,0,0,1,0,0,0,0,0,0,0,0,0,0,0,0,11,1,0,0,0,0,0,0,0,0,0,0,1,0,0,8,10,0
E:\FYP_Project\temp_batch\File_719.java,org.junit.tests.listening.RunnerTest$Anonymous1,anonymous,1,1,0,1,1,1,0,0,0,0.0,NaN,NaN,1,0,1,0,0,0,1,0,0,0,0,0,0,0,0,0,0,0,0,5,0,0,0,0,0,0,0,1,0,0,0,0,0,0,7,-1,0
E:\FYP_Project\temp_batch\File_2184.java,org.junit.tests.running.classes.ParameterizedTestTest$AssumptionInParametersMethod,innerclass,4,4,0,4,4,1,0,2,6,0.75,0.0,0.0,4,1,4,0,0,0,4,0,0,0,1,1,0,0,0,1,0,0,1,13,1,0,0,0,0,1,0,0,0,1,0,0,0,0,12,9,0
E:\FYP_Project\temp_batch\File_2775.java,org.junit.internal.runners.model.EachTestNotifier,class,6,9,2,7,11,1,0,10,0,0.11111111,0.0,0.0,9,0,8,1,0,0,8,0,0,0,2,0,0,2,0,0,2,0,0,39,0,1,0,0,0,0,0,2,0,2,1,0,0,0,44,1,0
E:\FYP_Project\temp_batch\File_806.java,com.puppycrawl.tools.checkstyle.checks.indentation.HandlerFactory,class,34,35,1,34,12,1,0,16,3,0.5,0.0,0.0,7,0,5,2,0,0,5,0,0,0,2,0,0,2,0,0,2,0,0,92,4,2,3,0,0,0,1,17,0,12,1,0,0,0,79,1,0
E:\FYP_Project\temp_batch\File_2154.java,org.junit.rules.ClassRulesTest$ExampleTestWithCustomClassRule,innerclass,4,4,0,4,2,1,0,1,0,0.0,0.0,0.0,2,0,2,0,0,0,2,0,0,0,1,1,1,0,0,0,0,0,2,9,0,0,0,0,0,0,2,1,0,1,0,0,0,0,12,9,0
E:\FYP_Project\temp_batch\File_907.java,org.junit.tests.validation.ValidationTest$NonStaticBeforeClass,innerclass,2,2,0,2,2,1,0,0,1,0.0,0.0,0.0,2,0,2,0,0,0,2,0,0,0,0,0,0,0,0,0,0,0,0,6,0,0,0,0,0,0,0,0,0,0,0,0,0,0,11,9,0
E:\FYP_Project\temp_batch\File_2163.java,org.junit.runners.model.InvalidTestClassError,class,2,5,3,2,4,2,0,6,1,0.6666667,0.0,0.0,3,1,2,1,0,0,2,0,0,0,2,1,0,2,0,0,2,0,2,20,2,1,0,0,1,3,2,4,1,4,1,0,0,0,42,1,0
E:\FYP_Project\temp_batch\File_2181.java,org.junit.tests.junit3compatibility.ForwardCompatibilityTest$BeforeClassTest,innerclass,5,5,0,5,6,1,0,0,15,0.0,0.0,0.0,6,2,6,0,0,0,6,0,0,0,0,0,0,0,0,0,0,0,0,20,0,0,0,0,0,6,0,6,0,0,0,0,0,0,8,9,0
E:\FYP_Project\temp_batch\File_885.java,junit.framework.TestSuite$Anonymous1,anonymous,0,0,0,0,1,1,0,1,0,0.0,NaN,NaN,1,0,0,0,1,0,1,0,0,0,0,0,0,0,0,0,0,0,0,5,0,0,0,0,0,0,0,0,0,0,0,0,0,0,4,-1,0
E:\FYP_Project\temp_batch\File_5580.java,org.junit.runners.Parameterized$RunnersFactory,innerclass,11,11,0,11,27,1,0,30,0,0.6666667,-1.0,-1.0,11,4,0,11,0,0,0,0,0,0,6,1,0,6,0,0,6,0,14,111,15,4,2,2,2,6,3,26,2,24,2,0,0,0,85,10,0
E:\FYP_Project\temp_batch\File_2157.java,org.junit.rules.TestWatcherTest$InterplayWithOtherRules$ErrorCollectorTest,innerclass,5,5,0,5,1,1,0,1,0,0.5,NaN,NaN,1,0,1,0,0,0,1,0,0,0,2,0,2,0,0,0,2,0,0,7,0,0,0,0,0,1,0,2,0,2,0,0,0,0,13,9,0
E:\FYP_Project\temp_batch\File_5812.java,org.apache.commons.lang3.exception.ExceptionUtilsTest$Anonymous1,anonymous,0,0,0,0,1,1,0,1,0,1.0,NaN,NaN,1,0,1,0,0,0,1,0,0,0,1,1,0,1,0,0,1,0,0,6,0,0,0,0,0,5,1,1,1,1,0,0,0,0,15,-1,0
E:\FYP_Project\temp_batch\File_943.java,com.puppycrawl.tools.checkstyle.api.Scope,enum,1,3,2,1,5,1,0,7,6,0.0,0.0,0.0,4,1,4,0,0,0,4,0,0,0,0,0,0,0,0,0,0,0,1,19,4,0,0,0,0,0,1,0,0,0,0,0,0,0,50,1,0
E:\FYP_Project\temp_batch\File_966.java,org.apache.commons.lang3.mutable.MutableBoolean,class,2,4,2,2,18,1,0,6,0,0.5625,0.0,0.0,16,0,16,0,0,0,16,0,0,0,2,1,0,2,0,0,1,0,3,54,10,0,1,0,1,0,1,7,0,2,1,0,0,0,101,1,0
E:\FYP_Project\temp_batch\File_5580.java,org.junit.runners.Parameterized$AssumptionViolationRunner,innerclass,6,6,0,6,3,2,0,3,0,0.16666667,0.0,0.0,3,0,2,0,0,1,3,0,0,0,2,0,0,2,0,0,2,0,0,14,1,0,0,0,0,1,0,2,1,2,0,0,0,0,17,10,0
E:\FYP_Project\temp_batch\File_96.java,Parent,class,5,5,0,5,3,1,0,0,3,1.0,0.0,0.0,3,0,2,0,1,0,3,0,0,0,4,0,1,1,1,1,1,0,0,12,0,0,0,0,0,2,1,2,0,4,0,0,0,0,13,0,0
E:\FYP_Project\temp_batch\File_2157.java,org.junit.rules.TestWatcherTest$Callbacks$InternalViolatedAssumptionTest,innerclass,4,4,0,4,1,1,0,0,0,1.0,NaN,NaN,1,0,1,0,0,0,1,0,0,0,1,0,1,0,0,0,0,0,0,6,0,0,0,0,0,2,0,1,0,1,0,0,0,0,9,9,0
E:\FYP_Project\temp_batch\File_3874.java,org.apache.commons.lang3.mutable.MutableIntTest,class,6,7,1,6,26,2,0,29,325,0.0,0.0,0.0,26,0,0,0,0,26,26,0,0,0,0,0,0,0,0,0,0,0,18,173,0,0,0,0,0,5,108,30,0,30,0,0,0,3,49,0,0
E:\FYP_Project\temp_batch\File_690.java,ResultTest,class,15,15,0,15,14,1,0,25,49,0.72727275,0.0,0.0,11,0,8,3,0,0,8,0,0,0,1,0,0,1,0,0,0,0,0,120,0,1,1,1,0,11,1,30,4,30,2,0,3,0,66,1,0
E:\FYP_Project\temp_batch\File_2183.java,org.junit.tests.manipulation.OrderWithTest$TestClassRunnerIsOrderableWithSuiteMethod,innerclass,8,8,0,8,3,3,0,3,0,0.0,0.0,0.0,3,0,3,0,0,0,3,0,0,0,1,1,0,1,0,0,0,0,2,37,0,0,0,0,0,4,0,4,0,3,0,0,3,0,24,9,0
E:\FYP_Project\temp_batch\File_3868.java,org.apache.commons.lang3.exception.ContextedRuntimeExceptionTest,class,6,6,0,6,8,2,0,13,28,0.0,0.0,0.0,8,0,1,0,0,7,8,0,0,0,0,0,0,0,0,0,0,0,1,60,0,0,0,0,0,11,1,19,1,10,0,1,0,0,40,0,0
E:\FYP_Project\temp_batch\File_5718.java,com.puppycrawl.tools.checkstyle.checks.indentation.SynchronizedHandler,class,6,8,2,6,7,2,0,13,8,0.6,0.0,0.0,5,2,2,3,0,0,2,0,0,0,1,0,0,1,0,0,1,0,2,25,2,0,1,0,0,1,0,3,0,3,1,0,0,0,62,1,0
E:\FYP_Project\temp_batch\File_997.java,Pair,class,14,16,2,14,18,1,0,13,120,0.96875,0.0,0.0,16,4,16,0,0,0,16,2,1,0,2,2,1,1,0,0,2,0,0,54,14,0,1,0,0,2,1,3,1,3,1,0,0,0,171,1025,0
E:\FYP_Project\temp_batch\File_901.java,org.junit.rules.Stopwatch$Clock,innerclass,0,0,0,0,1,1,0,1,0,0.0,NaN,NaN,1,0,1,0,0,0,1,0,0,0,0,0,0,0,0,0,0,0,1,5,1,0,0,0,0,0,0,0,0,0,0,0,0,0,3,8,0
E:\FYP_Project\temp_batch\File_5234.java,MutableByte,class,8,9,1,8,32,1,0,4,0,0.53225803,0.0,0.0,31,0,31,0,0,0,31,0,0,0,2,1,0,2,0,0,1,0,0,111,20,0,1,0,1,0,1,18,0,6,1,0,0,0,134,1,0
E:\FYP_Project\temp_batch\File_5233.java,MutableBoolean,class,8,9,1,8,18,1,0,4,0,0.5625,0.0,0.0,16,0,16,0,0,0,16,0,0,0,2,1,0,2,0,0,1,0,0,54,10,0,1,0,1,0,1,7,0,2,1,0,0,0,101,1,0
E:\FYP_Project\temp_batch\File_2154.java,org.junit.rules.ClassRulesTest$MethodExampleTestWithCustomClassRule,innerclass,4,4,0,4,3,1,0,1,0,0.0,0.0,0.0,3,1,3,0,0,0,3,0,0,0,1,1,0,1,0,0,0,0,2,12,1,0,0,0,0,0,2,1,0,1,0,0,0,0,14,9,0
E:\FYP_Project\temp_batch\File_2229.java,com.puppycrawl.tools.checkstyle.api.FileText,class,4,5,1,4,24,1,0,27,10,0.7261905,0.0,0.0,12,1,10,2,0,0,10,0,0,0,7,2,0,7,0,0,5,0,5,117,9,4,4,3,0,3,12,38,6,25,3,0,0,0,193,17,0
E:\FYP_Project\temp_batch\File_3859.java,org.apache.commons.lang3.ThreadUtilsTest$TestThread,innerclass,0,0,0,0,6,2,0,6,4,0.5,0.0,0.0,4,0,2,0,0,2,4,0,0,1,1,0,0,1,0,0,1,0,2,29,0,0,0,2,0,0,1,1,0,1,2,0,0,0,13,26,0
E:\FYP_Project\temp_batch\File_2184.java,org.junit.tests.running.classes.ParameterizedTestTest$UseParameterizedFactoryAbstractTest,innerclass,5,5,0,5,1,1,0,1,0,0.0,NaN,NaN,1,1,1,0,0,0,1,0,0,0,0,0,0,0,0,0,0,0,1,5,1,0,0,0,0,1,0,0,0,0,0,0,0,0,9,1033,0
E:\FYP_Project\temp_batch\File_841.java,Scope,enum,3,4,1,3,5,1,0,7,6,0.0,0.0,0.0,4,1,4,0,0,0,4,0,0,0,0,0,0,0,0,0,0,0,0,19,4,0,0,0,0,0,1,0,0,0,0,0,0,0,50,1,0
E:\FYP_Project\temp_batch\File_2151.java,org.junit.internal.runners.statements.FailOnTimeoutTest$RunForASecond,innerclass,1,1,0,1,3,2,0,3,0,0.0,NaN,NaN,1,0,1,0,0,0,1,0,0,0,1,0,0,0,0,1,1,0,3,9,0,1,0,0,0,0,2,2,1,2,1,0,0,0,18,26,0
E:\FYP_Project\temp_batch\File_5237.java,SystemPropertiesStrLookup,innerclass,3,4,1,3,1,1,0,1,0,0.0,NaN,NaN,1,0,1,0,0,0,1,0,0,0,0,0,0,0,0,0,0,0,0,5,1,0,0,0,0,0,0,0,0,0,0,0,0,0,13,26,0
E:\FYP_Project\temp_batch\File_2174.java,org.junit.tests.experimental.AssumptionTest$AssumptionFailureInConstructor,innerclass,2,2,0,2,2,1,0,2,1,0.0,0.0,0.0,2,0,2,0,0,0,2,0,0,0,0,0,0,0,0,0,0,0,1,8,0,0,0,0,0,0,0,0,0,0,0,0,0,0,10,9,0
E:\FYP_Project\temp_batch\File_2180.java,org.junit.tests.experimental.theories.internal.SpecificDataPointsSupplierTest,class,9,11,2,9,16,1,0,14,105,0.0,0.0,0.0,15,0,13,2,0,0,13,0,0,0,0,0,0,0,0,0,0,0,6,85,2,1,0,0,0,20,7,19,0,19,1,0,1,0,51,1,0
E:\FYP_Project\temp_batch\File_907.java,org.junit.tests.validation.ValidationTest,class,5,5,0,5,2,1,0,12,1,0.0,0.0,0.0,2,0,2,0,0,0,2,0,0,0,0,0,0,0,0,0,0,0,1,20,0,0,0,0,0,1,1,1,0,1,0,0,2,0,19,1,0
E:\FYP_Project\temp_batch\File_2181.java,org.junit.tests.junit3compatibility.ForwardCompatibilityTest$ErrorTest,innerclass,1,1,0,1,1,1,0,0,0,0.0,NaN,NaN,1,0,1,0,0,0,1,0,0,0,0,0,0,0,0,0,0,0,0,5,0,0,0,0,0,0,0,0,0,0,0,0,0,0,5,9,0
E:\FYP_Project\temp_batch\File_1772.java,ThreadUtilsTest,class,15,15,0,15,42,1,0,45,595,0.0,0.0,0.0,35,0,0,0,0,35,35,0,0,0,0,0,0,0,0,0,0,0,0,324,0,3,0,8,0,67,35,51,1,51,3,0,1,19,100,0,0
E:\FYP_Project\temp_batch\File_2157.java,org.junit.rules.TestWatcherTest$CallbackArguments$Finished$Anonymous6,anonymous,1,1,0,1,1,1,0,0,0,0.0,NaN,NaN,1,0,0,0,1,0,1,0,0,0,0,0,0,0,0,0,0,0,0,5,0,0,0,0,0,0,0,1,0,0,0,0,0,0,4,-1,0
E:\FYP_Project\temp_batch\File_2184.java,org.junit.tests.running.classes.ParameterizedTestTest$AdditionTestWithArray,innerclass,6,6,0,6,2,1,0,1,0,0.0,0.0,0.0,2,1,2,0,0,0,2,0,0,0,3,0,3,0,0,0,0,0,1,11,1,0,0,0,0,1,15,0,1,3,0,0,0,0,14,9,0
E:\FYP_Project\temp_batch\File_973.java,Computer,class,5,6,1,5,3,1,0,1,3,0.0,0.0,0.0,3,1,2,0,1,0,3,0,0,0,0,0,0,0,0,0,0,0,0,21,3,0,0,0,0,0,0,0,0,0,0,2,0,0,45,1,0
E:\FYP_Project\temp_batch\File_2190.java,AbstractStopwatchTest,innerclass,5,11,6,5,1,1,10,2,0,1.0,NaN,NaN,1,0,0,0,1,0,1,0,0,0,4,0,1,2,1,0,4,0,0,35,0,0,0,0,0,0,0,4,0,4,0,3,0,0,22,1033,0
E:\FYP_Project\temp_batch\File_5581.java,RunnersFactory,innerclass,18,19,1,18,27,1,0,29,0,0.6666667,-1.0,-1.0,11,4,0,11,0,0,0,0,0,0,6,1,0,6,0,0,6,0,0,111,15,4,2,2,2,6,3,26,2,24,2,0,0,0,85,10,0
E:\FYP_Project\temp_batch\File_2183.java,org.junit.tests.manipulation.OrderWithTest$TestClassRunnerIsOrderableWithSuiteMethod$OrderedReverseAlphanumerically,innerclass,6,6,0,6,1,2,0,0,0,0.0,NaN,NaN,1,1,1,0,0,0,1,0,0,0,0,0,0,0,0,0,0,0,0,5,1,0,0,0,0,0,0,0,0,0,0,0,0,0,9,9,0
E:\FYP_Project\temp_batch\File_2181.java,org.junit.tests.junit3compatibility.ForwardCompatibilityTest,class,15,15,0,15,12,3,0,21,60,0.8541666,0.0,0.0,12,0,12,0,0,0,12,0,0,0,4,4,0,1,0,3,0,0,3,174,0,0,0,0,0,8,5,31,0,30,0,1,10,0,57,1,0
E:\FYP_Project\temp_batch\File_4075.java,org.junit.rules.StopwatchTest$AbstractStopwatchTest,innerclass,5,5,0,5,1,1,0,2,0,1.0,NaN,NaN,1,0,0,0,1,0,1,0,0,0,4,0,1,2,1,0,4,0,0,35,0,0,0,0,0,0,0,4,0,4,0,3,0,0,22,1033,0
E:\FYP_Project\temp_batch\File_3880.java,OPTION,enum,1,1,0,1,0,1,0,0,0,0.0,-1.0,-1.0,0,0,0,0,0,0,0,0,0,0,0,0,0,0,0,0,0,0,0,4,0,0,0,0,0,0,0,0,0,0,0,0,0,0,42,1,0
E:\FYP_Project\temp_batch\File_5231.java,StandardToStringStyle,class,3,3,0,3,41,1,0,40,820,1.0,0.0,0.0,41,0,41,0,0,0,41,0,0,0,1,1,0,1,0,0,1,0,0,125,20,0,0,0,0,0,1,1,0,1,0,0,0,0,117,1,0
E:\FYP_Project\temp_batch\File_2176.java,org.junit.tests.experimental.max.MaxStarterTest$MalformedJUnit38TestMethod,innerclass,1,1,0,1,1,2,0,0,0,0.0,-1.0,-1.0,1,0,0,1,0,0,0,0,0,0,0,0,0,0,0,0,0,0,0,4,0,0,0,0,0,1,0,0,0,0,0,0,0,0,8,9,0
E:\FYP_Project\temp_batch\File_3865.java,org.apache.commons.lang3.concurrent.EventCountCircuitBreaker,class,7,11,4,7,23,4,0,23,105,0.80701756,0.0,0.0,19,2,12,6,0,1,13,0,0,0,6,1,0,6,0,0,6,0,4,136,13,1,1,0,0,0,7,14,0,12,1,0,4,0,375,1,0
E:\FYP_Project\temp_batch\File_2155.java,org.junit.rules.MethodRulesTest$MultipleRuleTest,innerclass,4,4,0,4,1,1,0,0,0,1.0,NaN,NaN,1,0,1,0,0,0,1,0,0,0,2,0,2,0,0,0,0,0,0,6,0,0,0,0,0,0,0,2,0,2,0,0,0,0,8,9,0
E:\FYP_Project\temp_batch\File_4875.java,org.apache.commons.lang3.SystemPropertiesTest,class,8,9,1,8,63,1,0,68,1744,0.93888885,0.0,0.0,60,0,0,2,0,58,58,0,0,0,3,3,0,1,0,2,3,0,28,691,1,0,0,6,0,46,30,21,6,21,1,0,0,33,97,0,0
E:\FYP_Project\temp_batch\File_2147.java,org.junit.internal.runners.FailedBefore,class,0,0,0,0,0,3,0,0,0,NaN,-1.0,-1.0,0,0,0,0,0,0,0,0,0,0,1,1,0,1,0,0,1,0,0,3,0,0,0,0,0,0,1,1,0,1,0,0,0,0,30,0,0
E:\FYP_Project\temp_batch\File_3884.java,org.apache.commons.lang3.time.DateUtilsFragmentTest,class,5,5,0,5,58,2,0,14,0,0.674569,0.0,0.0,58,0,1,0,0,57,58,0,0,0,8,6,0,8,0,0,6,0,8,309,0,0,0,0,26,0,71,72,154,64,0,0,0,20,53,0,0
E:\FYP_Project\temp_batch\File_2151.java,org.junit.internal.runners.statements.FailOnTimeoutTest$FastStatement,innerclass,1,1,0,1,1,2,0,0,0,0.0,NaN,NaN,1,0,1,0,0,0,1,0,0,0,0,0,0,0,0,0,0,0,0,4,0,0,0,0,0,0,0,0,0,0,0,0,0,0,4,10,0
E:\FYP_Project\temp_batch\File_2183.java,org.junit.tests.manipulation.OrderWithTest$TestClassRunnerIsOrderableWithSuiteMethod$OrderedAlphanumerically,innerclass,6,6,0,6,1,2,0,0,0,0.0,NaN,NaN,1,1,1,0,0,0,1,0,0,0,0,0,0,0,0,0,0,0,0,5,1,0,0,0,0,0,0,0,0,0,0,0,0,0,8,9,0
E:\FYP_Project\temp_batch\File_4531.java,org.junit.runners.model.Annotatable,interface,1,1,0,1,2,1,0,0,1,0.0,0.0,0.0,2,0,0,0,0,2,2,0,0,0,0,0,0,0,0,0,0,0,0,4,0,0,0,0,0,0,0,0,0,0,0,0,0,0,20,1,0
E:\FYP_Project\temp_batch\File_967.java,ValidationTest,class,4,4,0,4,2,1,0,12,1,0.0,0.0,0.0,2,0,2,0,0,0,2,0,0,0,0,0,0,0,0,0,0,0,0,20,0,0,0,0,0,1,1,1,0,1,0,0,2,0,19,1,0
E:\FYP_Project\temp_batch\File_2173.java,junit.tests.runner.TextRunnerTest$Anonymous1,anonymous,0,0,0,0,1,1,0,0,0,0.0,NaN,NaN,1,0,1,0,0,0,1,0,0,0,0,0,0,0,0,0,0,0,0,4,0,0,0,0,0,0,0,0,0,0,0,0,0,0,5,-1,0
E:\FYP_Project\temp_batch\File_2161.java,org.junit.runners.ParentRunner$Anonymous5,anonymous,2,2,0,2,1,1,0,2,0,0.0,NaN,NaN,1,0,1,0,0,0,1,0,0,0,0,0,0,0,0,0,0,0,0,5,1,0,0,0,0,0,0,0,0,0,0,0,0,0,6,-1,0
E:\FYP_Project\temp_batch\File_2161.java,org.junit.runners.ParentRunner$Anonymous4,anonymous,1,1,0,1,1,1,0,1,0,0.0,NaN,NaN,1,0,1,0,0,0,1,0,0,0,0,0,0,0,0,0,0,0,0,5,0,0,0,0,0,0,0,0,0,0,0,0,0,0,1,-1,0
E:\FYP_Project\temp_batch\File_2180.java,org.junit.tests.experimental.theories.internal.SpecificDataPointsSupplierTest$TestClassWithNamedDataPoints,innerclass,2,2,0,2,4,1,0,0,6,0.875,0.0,0.0,4,4,4,0,0,0,4,0,0,0,4,4,4,0,0,0,0,0,0,18,4,0,0,0,0,16,0,4,0,4,0,0,0,0,15,9,0
E:\FYP_Project\temp_batch\File_2161.java,org.junit.runners.ParentRunner$Anonymous3,anonymous,0,0,0,0,1,1,0,2,0,0.0,NaN,NaN,1,0,1,0,0,0,1,0,0,0,0,0,0,0,0,0,0,0,1,10,0,0,0,1,0,0,0,0,0,0,1,0,0,0,2,-1,0
E:\FYP_Project\temp_batch\File_2161.java,org.junit.runners.ParentRunner$Anonymous2,anonymous,1,1,0,1,1,1,0,1,0,0.0,NaN,NaN,1,0,1,0,0,0,1,0,0,0,0,0,0,0,0,0,0,0,0,5,0,0,0,0,0,0,0,0,0,0,0,0,0,0,4,-1,0
E:\FYP_Project\temp_batch\File_4962.java,MultipleFailureException,class,11,12,1,11,16,1,0,13,0,0.5714286,0.0,0.0,7,1,7,0,0,0,7,0,0,0,2,1,0,2,0,0,2,0,0,50,3,5,1,0,0,4,3,4,0,3,2,0,0,0,71,1,0
E:\FYP_Project\temp_batch\File_2161.java,org.junit.runners.ParentRunner$Anonymous1,anonymous,0,0,0,0,2,1,0,1,1,0.0,0.0,0.0,2,0,2,0,0,0,2,0,0,0,0,0,0,0,0,0,0,0,0,7,0,0,0,0,0,0,0,0,0,0,0,0,0,0,5,-1,0
E:\FYP_Project\temp_batch\File_2183.java,org.junit.tests.manipulation.OrderWithTest$TestClassRunnerIsOrderableViaOrderWith$UnorderedSuite$B,innerclass,1,1,0,1,3,1,0,0,3,0.0,0.0,0.0,3,0,3,0,0,0,3,0,0,0,0,0,0,0,0,0,0,0,0,11,0,0,0,0,0,3,0,3,0,0,0,0,0,0,5,9,0
E:\FYP_Project\temp_batch\File_2142.java,org.junit.experimental.categories.CategoryFilterFactory,class,5,6,1,5,5,1,0,7,3,0.0,0.0,0.0,3,0,1,1,1,0,2,1,0,0,0,0,0,0,0,0,0,0,0,19,2,1,0,1,0,1,0,2,0,2,1,0,0,0,28,1024,0
E:\FYP_Project\temp_batch\File_2154.java,org.junit.rules.ClassRulesTest$CustomCounter,innerclass,4,4,0,4,1,1,0,0,0,1.0,NaN,NaN,1,0,1,0,0,0,1,0,0,0,1,0,1,0,0,0,0,0,0,12,1,0,0,0,0,0,1,1,0,1,0,1,0,0,9,9,0
E:\FYP_Project\temp_batch\File_2157.java,org.junit.rules.TestWatcherTest$Callbacks$ErroneousTestWatcher,innerclass,4,4,0,4,6,2,0,0,15,0.0,0.0,0.0,6,0,0,0,6,0,6,0,0,0,0,0,0,0,0,0,0,0,0,20,0,0,0,0,0,7,0,0,0,0,0,0,0,0,15,10,0
E:\FYP_Project\temp_batch\File_5216.java,org.apache.commons.lang3.builder.ReflectionToStringBuilder,class,6,9,3,6,59,2,0,52,523,0.8857143,0.0,0.0,35,12,29,1,3,2,34,0,0,0,6,0,0,4,2,0,0,0,17,189,32,2,11,1,0,2,3,14,0,11,4,0,0,0,268,1,0
E:\FYP_Project\temp_batch\File_2157.java,org.junit.rules.TestWatcherTest$CallbackArguments$DeprecatedSkipped,innerclass,6,6,0,6,1,1,0,0,0,1.0,NaN,NaN,1,0,1,0,0,0,1,0,0,0,3,2,1,2,0,0,1,0,0,14,0,0,0,0,0,2,0,1,0,3,0,1,0,0,12,9,0
E:\FYP_Project\temp_batch\File_2161.java,org.junit.runners.ParentRunner$ClassRuleCollector,innerclass,6,6,0,6,4,1,0,6,0,0.0,0.0,0.0,2,0,2,0,0,0,2,0,0,0,1,0,0,0,0,1,1,0,1,15,1,1,1,0,0,0,0,3,0,3,1,0,0,0,14,10,0
E:\FYP_Project\temp_batch\File_2183.java,org.junit.tests.manipulation.OrderWithTest$UnOrderableRunnersAreHandledWithoutCrashing$UnOrderable,innerclass,3,3,0,3,1,1,0,0,0,0.0,NaN,NaN,1,0,1,0,0,0,1,0,0,0,0,0,0,0,0,0,0,0,0,4,0,0,0,0,0,0,0,0,0,0,0,0,0,0,3,9,0
E:\FYP_Project\temp_batch\File_2183.java,org.junit.tests.manipulation.OrderWithTest$TestClassRunnerIsSortableViaOrderWith,innerclass,8,8,0,8,3,3,0,3,0,0.0,0.0,0.0,3,0,3,0,0,0,3,0,0,0,1,1,0,1,0,0,0,0,2,31,0,0,0,0,0,4,0,4,0,3,0,0,3,0,24,9,0
E:\FYP_Project\temp_batch\File_2183.java,org.junit.tests.manipulation.OrderWithTest$TestClassRunnerIsOrderableViaOrderWith$UnorderedSuite$A,innerclass,1,1,0,1,3,1,0,0,3,0.0,0.0,0.0,3,0,3,0,0,0,3,0,0,0,0,0,0,0,0,0,0,0,0,11,0,0,0,0,0,3,0,3,0,0,0,0,0,0,5,9,0
E:\FYP_Project\temp_batch\File_2184.java,org.junit.tests.running.classes.ParameterizedTestTest$BeforeParamAndAfterParam,innerclass,9,9,0,9,8,1,0,1,16,0.5,0.0,0.0,8,5,8,0,0,0,8,0,0,0,1,0,0,1,0,0,1,0,1,27,1,0,0,0,0,11,0,7,3,1,0,0,0,0,12,9,0
E:\FYP_Project\temp_batch\File_2154.java,org.junit.rules.ClassRulesTest$Counter,innerclass,1,1,0,1,1,2,0,0,0,0.0,NaN,NaN,1,0,0,0,1,0,1,0,0,0,1,0,1,0,0,0,0,0,0,6,0,0,0,0,0,0,1,1,0,1,0,0,0,0,6,9,0
E:\FYP_Project\temp_batch\File_5238.java,org.apache.commons.lang3.text.translate.NumericEntityUnescaper,class,4,5,1,4,22,2,0,13,1,0.33333334,0.0,0.0,3,0,3,0,0,0,3,0,0,0,1,0,0,1,0,0,1,0,7,68,6,1,8,1,2,1,18,12,7,9,3,0,1,0,120,1,0
E:\FYP_Project\temp_batch\File_3875.java,org.apache.commons.lang3.reflect.Typed,interface,0,0,0,0,1,1,0,0,0,0.0,NaN,NaN,1,0,0,0,0,1,1,0,0,0,0,0,0,0,0,0,0,0,0,3,0,0,0,0,0,0,0,0,0,0,0,0,0,0,12,1,0
E:\FYP_Project\temp_batch\File_3331.java,Example4,class,0,0,0,0,0,1,0,0,0,0.0,-1.0,-1.0,0,0,0,0,0,0,0,0,0,0,0,0,0,0,0,0,0,0,0,2,0,0,0,0,0,0,0,0,0,0,0,0,0,0,1,1,0
E:\FYP_Project\temp_batch\File_2193.java,MethodValidator,class,13,13,0,13,17,1,0,16,0,0.35714287,0.0,0.0,7,0,6,1,0,0,6,0,0,0,2,0,0,2,0,0,1,0,0,60,1,1,4,1,0,15,2,5,5,5,2,0,0,0,55,1,0
E:\FYP_Project\temp_batch\File_4075.java,org.junit.rules.StopwatchTest,class,13,17,4,13,11,6,0,13,16,0.625,0.0,0.0,8,2,6,2,0,0,6,0,0,0,3,3,0,3,0,0,0,0,15,138,1,0,0,0,0,6,9,10,0,9,0,0,8,0,47,1,0
E:\FYP_Project\temp_batch\File_883.java,org.apache.commons.lang3.reflect.testbed.Parent,class,2,2,0,2,3,1,0,0,3,1.0,0.0,0.0,3,0,2,0,1,0,3,0,0,0,4,0,1,1,1,1,1,0,0,12,0,0,0,0,0,2,1,2,0,4,0,0,0,0,13,0,0
E:\FYP_Project\temp_batch\File_1772.java,TestThread,innerclass,3,4,1,3,6,1,0,6,4,0.5,0.0,0.0,4,0,2,0,0,2,4,0,0,1,1,0,0,1,0,0,1,0,0,29,0,0,0,2,0,0,1,1,0,1,2,0,0,0,13,26,0
E:\FYP_Project\temp_batch\File_5224.java,org.apache.commons.lang3.text.StrLookup$SystemPropertiesStrLookup,innerclass,1,1,0,1,1,2,0,1,0,0.0,NaN,NaN,1,0,1,0,0,0,1,0,0,0,0,0,0,0,0,0,0,0,0,5,1,0,0,0,0,0,0,0,0,0,0,0,0,0,13,26,0
E:\FYP_Project\temp_batch\File_4075.java,org.junit.rules.StopwatchTest$TestStatus,enum,0,0,0,0,0,1,0,0,0,0.0,-1.0,-1.0,0,0,0,0,0,0,0,0,0,0,0,0,0,0,0,0,0,0,0,1,0,0,0,0,0,0,0,0,0,0,0,0,0,0,9,10,0
E:\FYP_Project\temp_batch\File_397.java,org.apache.commons.lang3.concurrent.CircuitBreaker,interface,1,1,0,1,6,1,0,0,15,0.0,0.0,0.0,6,0,0,0,0,6,6,0,0,0,0,0,0,0,0,0,0,0,0,8,0,0,0,0,0,0,0,0,0,0,0,0,0,0,119,1,0
E:\FYP_Project\temp_batch\File_2155.java,org.junit.rules.MethodRulesTest$OnFailureTest,innerclass,5,5,0,5,1,1,0,1,0,1.0,NaN,NaN,1,0,1,0,0,0,1,0,0,0,1,0,1,0,0,0,0,0,1,11,0,0,0,0,0,0,0,1,0,1,0,1,0,0,9,9,0
E:\FYP_Project\temp_batch\File_2181.java,org.junit.tests.junit3compatibility.ForwardCompatibilityTest$InvalidMethodTest,innerclass,2,2,0,2,2,1,0,0,1,0.0,0.0,0.0,2,0,2,0,0,0,2,0,0,0,0,0,0,0,0,0,0,0,0,6,0,0,0,0,0,0,0,0,0,0,0,0,0,0,7,9,0
E:\FYP_Project\temp_batch\File_2178.java,org.junit.tests.experimental.theories.extendingwithstubs.StubbedTheories$StubbedTheoryAnchor,innerclass,10,10,0,10,7,2,0,13,0,0.25,0.0,0.0,4,0,1,1,2,0,3,0,0,0,1,0,0,1,0,0,0,0,0,27,2,2,0,0,0,0,1,4,0,4,1,0,0,0,31,9,0
E:\FYP_Project\temp_batch\File_2190.java,StopwatchTest,class,12,12,0,12,11,1,0,12,16,0.625,0.0,0.0,8,2,6,2,0,0,6,0,0,0,3,3,0,3,0,0,0,0,0,138,1,0,0,0,0,6,9,10,0,9,0,0,8,0,47,1,0
E:\FYP_Project\temp_batch\File_3099.java,IndexHandler,class,2,3,1,2,2,1,0,0,1,0.0,0.0,0.0,2,0,2,0,0,0,2,0,0,0,0,0,0,0,0,0,0,0,0,7,0,0,0,0,0,1,0,0,0,0,0,0,0,0,28,1,0
E:\FYP_Project\temp_batch\File_913.java,org.junit.runner.Computer,class,5,8,3,5,3,1,0,1,3,0.0,0.0,0.0,3,1,2,0,1,0,3,0,0,0,0,0,0,0,0,0,0,0,0,21,3,0,0,0,0,0,0,0,0,0,0,2,0,0,45,1,0
E:\FYP_Project\temp_batch\File_5812.java,org.apache.commons.lang3.exception.ExceptionUtilsTest$ExceptionWithoutCause,innerclass,0,0,0,0,1,3,0,0,0,1.0,NaN,NaN,1,0,1,0,0,0,1,0,0,0,1,1,0,1,0,0,1,0,0,5,0,0,0,0,0,1,1,1,0,1,0,0,0,0,33,26,0
E:\FYP_Project\temp_batch\File_2184.java,org.junit.tests.running.classes.ParameterizedTestTest$SingleArgumentTestWithIterable,innerclass,6,6,0,6,4,1,0,3,3,0.6666667,0.0,0.0,3,1,3,0,0,0,3,0,0,0,1,1,0,1,0,0,1,0,2,13,1,0,0,0,0,3,0,1,0,1,1,0,0,0,21,9,0
E:\FYP_Project\temp_batch\File_5580.java,org.junit.runners.Parameterized,class,9,38,28,10,9,3,0,12,6,0.0,NaN,NaN,4,0,1,3,0,0,1,0,0,0,0,0,0,0,0,0,0,0,0,165,0,1,3,0,0,4,2,3,1,3,3,0,2,0,241,1,0
E:\FYP_Project\temp_batch\File_2157.java,org.junit.rules.TestWatcherTest$Callbacks$FailingTest,innerclass,4,4,0,4,1,1,0,1,0,1.0,NaN,NaN,1,0,1,0,0,0,1,0,0,0,1,0,1,0,0,0,0,0,1,6,0,0,0,0,0,1,0,1,0,1,0,0,0,0,7,9,0
E:\FYP_Project\temp_batch\File_3869.java,org.apache.commons.lang3.exception.DefaultExceptionContextTest,class,5,5,0,5,4,2,0,7,6,0.0,0.0,0.0,4,0,1,0,0,3,4,0,0,0,0,0,0,0,0,0,0,0,0,32,0,0,0,0,0,5,0,10,0,6,0,0,0,0,34,0,0
E:\FYP_Project\temp_batch\File_2184.java,org.junit.tests.running.classes.ParameterizedTestTest$MultipleBeforeParamAndAfterParam,innerclass,7,7,0,7,8,1,0,1,16,0.5,0.0,0.0,8,5,8,0,0,0,8,0,0,0,1,0,0,1,0,0,1,0,1,27,1,0,0,0,0,12,0,7,4,1,0,0,0,0,15,9,0
E:\FYP_Project\temp_batch\File_2184.java,org.junit.tests.running.classes.ParameterizedTestTest$MultipleParametersBeforeParamAndAfterParam,innerclass,7,7,0,7,6,1,0,1,3,0.33333334,0.0,0.0,6,3,6,0,0,0,6,0,0,0,2,0,0,2,0,0,2,0,1,23,1,0,0,0,0,14,2,6,4,2,0,0,0,0,15,9,0
E:\FYP_Project\temp_batch\File_5812.java,org.apache.commons.lang3.exception.ExceptionUtilsTest$NestableException,innerclass,0,0,0,0,2,3,0,0,1,1.0,0.0,0.0,2,0,0,0,0,2,2,0,0,0,1,1,0,1,0,0,1,0,0,8,0,0,0,0,0,1,1,1,0,1,0,0,0,0,11,26,0
E:\FYP_Project\temp_batch\File_2184.java,org.junit.tests.running.classes.ParameterizedTestTest$SingleArgumentTestWithArray,innerclass,4,4,0,4,3,1,0,0,3,0.0,0.0,0.0,3,1,3,0,0,0,3,0,0,0,0,0,0,0,0,0,0,0,0,9,1,0,0,0,0,2,0,0,0,0,0,0,0,0,9,9,0
E:\FYP_Project\temp_batch\File_2154.java,org.junit.rules.ClassRulesTest$RunnerWithClassRuleAddedProgrammatically,innerclass,3,3,0,3,2,2,0,2,1,0.0,0.0,0.0,2,0,1,0,1,0,2,0,0,0,0,0,0,0,0,0,0,0,0,10,1,0,0,0,0,1,0,1,0,1,0,0,0,0,17,9,0
E:\FYP_Project\temp_batch\File_4075.java,org.junit.rules.StopwatchTest$DurationDuringTestTest,innerclass,5,5,0,5,1,2,0,3,0,0.0,NaN,NaN,1,0,1,0,0,0,1,0,0,0,0,0,0,0,0,0,0,0,4,8,0,0,0,0,0,0,4,0,0,0,0,0,0,0,22,9,0
E:\FYP_Project\temp_batch\File_3879.java,org.apache.commons.lang3.text.translate.JavaUnicodeEscaper,class,3,4,1,3,6,2,0,3,15,0.0,0.0,0.0,6,4,5,0,1,0,6,0,0,0,0,0,0,0,0,0,0,0,3,21,5,0,0,0,0,2,3,1,1,1,0,0,0,0,77,1,0
E:\FYP_Project\temp_batch\File_904.java,com.puppycrawl.tools.checkstyle.gui.MainTest,class,4,4,0,4,3,2,0,13,1,0.0,0.0,0.0,2,0,2,0,0,0,2,0,0,0,0,0,0,0,0,0,0,0,3,17,1,1,0,0,0,5,2,4,0,4,1,0,0,2,51,1,0
E:\FYP_Project\temp_batch\File_719.java,org.junit.tests.listening.RunnerTest$NewExample,innerclass,1,1,0,1,1,1,0,0,0,0.0,NaN,NaN,1,0,1,0,0,0,1,0,0,0,0,0,0,0,0,0,0,0,0,4,0,0,0,0,0,0,0,0,0,0,0,0,0,0,3,9,0
E:\FYP_Project\temp_batch\File_2174.java,org.junit.tests.experimental.AssumptionTest$HasFailingAssumeInBefore,innerclass,3,3,0,3,2,1,0,2,1,0.0,0.0,0.0,2,0,2,0,0,0,2,0,0,0,0,0,0,0,0,0,0,0,1,8,0,0,0,0,0,0,0,0,0,0,0,0,0,0,16,9,0
E:\FYP_Project\temp_batch\File_3883.java,org.apache.commons.lang3.time.GmtTimeZone,class,1,2,1,1,18,2,0,7,3,0.75757575,0.0,0.0,11,1,9,1,0,1,10,0,0,0,6,4,0,5,0,1,6,0,4,56,11,0,2,0,4,4,8,8,11,8,1,0,0,0,67,16,0
E:\FYP_Project\temp_batch\File_2176.java,org.junit.tests.experimental.max.MaxStarterTest$Anonymous2,anonymous,1,1,0,1,2,1,0,0,1,0.0,0.0,0.0,2,0,2,0,0,0,2,0,0,0,0,0,0,0,0,0,0,0,0,8,2,0,0,0,0,1,0,0,0,0,0,0,0,0,6,-1,0
E:\FYP_Project\temp_batch\File_2176.java,org.junit.tests.experimental.max.MaxStarterTest$Anonymous1,anonymous,1,1,0,1,1,1,0,2,0,0.0,NaN,NaN,1,0,1,0,0,0,1,0,0,0,0,0,0,0,0,0,0,0,0,5,0,0,0,0,0,0,0,0,0,0,0,0,0,0,6,-1,0
E:\FYP_Project\temp_batch\File_2157.java,org.junit.rules.TestWatcherTest$CallbackArguments$Failed,innerclass,6,6,0,6,1,1,0,1,0,1.0,NaN,NaN,1,0,1,0,0,0,1,0,0,0,3,2,1,2,0,0,1,0,1,14,0,0,0,0,0,1,0,1,0,3,0,1,0,0,10,9,0
E:\FYP_Project\temp_batch\File_2154.java,org.junit.rules.ClassRulesTest$ClassRulesModifiableListEmpty,innerclass,3,3,0,3,1,1,0,1,0,0.0,NaN,NaN,1,0,1,0,0,0,1,0,0,0,0,0,0,0,0,0,0,0,0,5,0,0,0,0,0,1,0,0,0,0,0,0,0,0,6,9,0
E:\FYP_Project\temp_batch\File_952.java,org.apache.commons.lang3.reflect.PackageBean,class,0,0,0,0,3,1,0,0,1,0.33333334,0.0,0.0,3,0,2,0,0,1,3,0,0,0,1,0,0,1,0,0,0,0,0,11,1,0,0,0,0,1,0,2,0,1,0,0,0,0,46,0,0
E:\FYP_Project\temp_batch\File_5635.java,com.puppycrawl.tools.checkstyle.meta.ModuleDetails,class,2,2,0,2,18,1,0,6,99,0.81746036,0.0,0.0,18,0,18,0,0,0,18,0,0,0,7,0,0,7,0,0,2,0,2,68,7,0,0,0,0,0,0,12,0,7,0,0,0,0,56,17,0
E:\FYP_Project\temp_batch\File_896.java,com.puppycrawl.tools.checkstyle.filefilters.beforeexecutionexclusionfilefilter.Example4,class,0,0,0,0,0,1,0,0,0,0.0,-1.0,-1.0,0,0,0,0,0,0,0,0,0,0,0,0,0,0,0,0,0,0,0,2,0,0,0,0,0,0,0,0,0,0,0,0,0,0,1,1,0
E:\FYP_Project\temp_batch\File_2155.java,org.junit.rules.MethodRulesTest$CustomTestName,innerclass,4,4,0,4,1,1,0,0,0,1.0,NaN,NaN,1,0,1,0,0,0,1,0,0,0,1,0,1,0,0,0,0,0,0,12,1,0,0,0,0,0,0,1,0,1,0,1,0,0,10,9,0
E:\FYP_Project\temp_batch\File_2184.java,org.junit.tests.running.classes.ParameterizedTestTest$ThreeFailures,innerclass,6,6,0,6,2,1,0,2,1,0.5,0.0,0.0,2,1,2,0,0,0,2,0,0,0,1,0,1,0,0,0,0,0,2,9,1,0,0,0,0,1,4,0,0,1,0,0,0,0,10,9,0
E:\FYP_Project\temp_batch\File_5581.java,AssumptionViolationRunner,innerclass,5,6,1,5,3,1,0,3,0,0.16666667,0.0,0.0,3,0,2,0,0,1,3,0,0,0,2,0,0,2,0,0,2,0,0,14,1,0,0,0,0,1,0,2,1,2,0,0,0,0,17,10,0
E:\FYP_Project\temp_batch\File_2154.java,org.junit.rules.ClassRulesTest$UsesFieldAndMethodRule,innerclass,4,4,0,4,2,1,0,2,1,0.5,0.0,0.0,2,1,2,0,0,0,2,0,0,0,1,1,1,0,0,0,0,0,2,10,1,0,0,0,0,4,2,1,0,1,0,0,0,0,11,9,0
E:\FYP_Project\temp_batch\File_2184.java,org.junit.tests.running.classes.ParameterizedTestTest$BadIndexForAnnotatedFieldTest,innerclass,7,7,0,7,3,1,0,3,1,0.33333334,0.0,0.0,3,1,2,1,0,0,2,0,0,0,2,0,2,0,0,0,0,0,2,13,2,0,0,0,0,0,3,0,0,2,0,0,0,0,15,9,0
E:\FYP_Project\temp_batch\File_2155.java,org.junit.rules.MethodRulesTest$OnFailureTest$Anonymous3,anonymous,1,1,0,1,1,1,0,3,0,0.0,NaN,NaN,1,0,1,0,0,0,1,0,0,0,0,0,0,0,0,0,0,0,0,5,0,0,0,0,0,1,0,1,1,0,0,0,0,0,6,-1,0
E:\FYP_Project\temp_batch\File_2157.java,org.junit.rules.TestWatcherTest$CallbackArguments$Skipped$Anonymous3,anonymous,2,2,0,2,1,1,0,0,0,0.0,NaN,NaN,1,0,0,0,1,0,1,0,0,0,0,0,0,0,0,0,0,0,0,6,0,0,0,0,0,0,0,2,0,0,0,0,0,0,6,-1,0
E:\FYP_Project\temp_batch\File_2151.java,org.junit.internal.runners.statements.FailOnTimeoutTest$StuckStatement,innerclass,2,2,0,2,5,2,0,5,3,0.0,NaN,NaN,3,0,1,2,0,0,1,0,0,0,0,0,0,0,0,0,0,0,4,20,0,1,0,1,0,0,1,3,1,2,1,0,0,0,30,26,0
E:\FYP_Project\temp_batch\File_2184.java,org.junit.tests.running.classes.ParameterizedTestTest$AdditionTestWithAnnotatedFields,innerclass,6,6,0,6,2,1,0,2,0,0.0,0.0,0.0,2,1,2,0,0,0,2,0,0,0,3,0,3,0,0,0,0,0,2,11,1,0,0,0,0,1,15,0,1,3,0,0,0,0,15,9,0
